ArcID,Day,IsOpen,TrafficLimit,TrafficFlowed,TrafficSlack,Utilization,RiskScore
"55-ab",0,True,Infinity,245000,Infinity,,0
"55-bc",0,True,Infinity,194200,Infinity,,0
"55-cd",0,True,Infinity,0,Infinity,,0
"55-de",0,True,Infinity,0,Infinity,,0
"55-ef",0,True,Infinity,0,Infinity,,0
"55fg",0,True,Infinity,0,Infinity,,0
"55-gh",0,True,Infinity,0,Infinity,,0
"55-hj",0,True,Infinity,0,Infinity,,0
"55-jk",0,True,Infinity,0,Infinity,,0
"55-kl",0,True,Infinity,0,Infinity,,0
"55-lm",0,True,Infinity,0,Infinity,,0
"55 west of Daegu",0,True,Infinity,0,Infinity,,0
"55 east of Daegu",0,True,Infinity,0,Infinity,,0
"55-no",0,True,325000,0,325000,0,0
"55-op",0,True,Infinity,0,Infinity,,0
"55-pq",0,True,Infinity,0,Infinity,,0
"55-qr",0,True,Infinity,0,Infinity,,0
"55-rs",0,True,Infinity,0,Infinity,,0
"55-st",0,True,Infinity,0,Infinity,,0
"55-tu",0,True,Infinity,0,Infinity,,0
"55-uv",0,True,Infinity,0,Infinity,,0
"55 near Gimhae",0,True,Infinity,0,Infinity,,0
"10-a",0,True,Infinity,0,Infinity,,0
"10-b",0,True,Infinity,0,Infinity,,0
"10-c",0,True,Infinity,0,Infinity,,0
"Andong-55",0,True,Infinity,439200,Infinity,,0
"35 east of Andong",0,True,Infinity,197256,Infinity,,0
"35ab",0,True,Infinity,0,Infinity,,0
"35bc",0,True,Infinity,0,Infinity,,0
"35cd",0,True,Infinity,0,Infinity,,0
"55-Gyeongbuk",0,True,Infinity,0,Infinity,,0
"35-Gyeongbuk",0,True,Infinity,0,Infinity,,0
"20 west Pohang",0,True,Infinity,0,Infinity,,0
"20-bc",0,True,Infinity,0,Infinity,,0
"20-35",0,True,Infinity,0,Infinity,,0
"20-daegu",0,True,Infinity,0,Infinity,,0
"Pohang north",0,True,Infinity,0,Infinity,,0
"Ulsan-1",0,True,Infinity,0,Infinity,,0
"55-1",0,True,Infinity,0,Infinity,,0
"1-ab",0,True,Infinity,0,Infinity,,0
"1-bc",0,True,Infinity,0,Infinity,,0
"1-cd",0,True,Infinity,0,Infinity,,0
"1-de",0,True,Infinity,0,Infinity,,0
"1-ef",0,True,Infinity,0,Infinity,,0
"Yangsan-55",0,True,Infinity,0,Infinity,,0
"Pohang Northwest",0,True,Infinity,0,Infinity,,0
"Busan-Yangsan",0,True,Infinity,0,Infinity,,0
"Ulsan-Busan",0,True,Infinity,0,Infinity,,0
"Ulsan-Busan sea",0,True,Infinity,0,Infinity,,0
"Ulsan sea appraoch",0,True,Infinity,0,Infinity,,0
"Sea base",0,True,Infinity,0,Infinity,,0
"sea base to sea lane",0,True,Infinity,0,Infinity,,0
"sea base to sea lane 1",0,True,Infinity,0,Infinity,,0
"sea lane ab",0,True,Infinity,0,Infinity,,0
"sea lane bc",0,False,Infinity,0,Infinity,,0
"sea lane into Pohang",0,False,Infinity,0,Infinity,,0
"northern sea lane",0,False,Infinity,0,Infinity,,0
"sea lane into north of pohang",0,False,Infinity,0,Infinity,,0
"Yeongchon north",0,True,Infinity,0,Infinity,,0
"Yeongchon south",0,True,Infinity,0,Infinity,,0
"55-ab",1,True,Infinity,0,Infinity,,0
"55-bc",1,True,Infinity,692800,Infinity,,0
"55-cd",1,True,Infinity,346400,Infinity,,0
"55-de",1,True,Infinity,0,Infinity,,0
"55-ef",1,True,Infinity,0,Infinity,,0
"55fg",1,True,Infinity,0,Infinity,,0
"55-gh",1,True,Infinity,0,Infinity,,0
"55-hj",1,True,Infinity,0,Infinity,,0
"55-jk",1,True,Infinity,0,Infinity,,0
"55-kl",1,True,Infinity,0,Infinity,,0
"55-lm",1,True,Infinity,0,Infinity,,0
"55 west of Daegu",1,True,Infinity,0,Infinity,,0
"55 east of Daegu",1,True,Infinity,0,Infinity,,0
"55-no",1,True,325000,0,325000,0,0
"55-op",1,True,Infinity,0,Infinity,,0
"55-pq",1,True,Infinity,0,Infinity,,0
"55-qr",1,True,Infinity,0,Infinity,,0
"55-rs",1,True,Infinity,0,Infinity,,0
"55-st",1,True,Infinity,0,Infinity,,0
"55-tu",1,True,Infinity,0,Infinity,,0
"55-uv",1,True,Infinity,0,Infinity,,0
"55 near Gimhae",1,True,Infinity,0,Infinity,,0
"10-a",1,True,Infinity,0,Infinity,,0
"10-b",1,True,Infinity,0,Infinity,,0
"10-c",1,True,Infinity,0,Infinity,,0
"Andong-55",1,True,Infinity,692800,Infinity,,0
"35 east of Andong",1,True,Infinity,543566.8,Infinity,,0
"35ab",1,True,Infinity,388232,Infinity,,0
"35bc",1,True,Infinity,0,Infinity,,0
"35cd",1,True,Infinity,0,Infinity,,0
"55-Gyeongbuk",1,True,Infinity,0,Infinity,,0
"35-Gyeongbuk",1,True,Infinity,0,Infinity,,0
"20 west Pohang",1,True,Infinity,0,Infinity,,0
"20-bc",1,True,Infinity,0,Infinity,,0
"20-35",1,True,Infinity,0,Infinity,,0
"20-daegu",1,True,Infinity,0,Infinity,,0
"Pohang north",1,True,Infinity,0,Infinity,,0
"Ulsan-1",1,True,Infinity,0,Infinity,,0
"55-1",1,True,Infinity,0,Infinity,,0
"1-ab",1,True,Infinity,0,Infinity,,0
"1-bc",1,True,Infinity,0,Infinity,,0
"1-cd",1,True,Infinity,0,Infinity,,0
"1-de",1,True,Infinity,0,Infinity,,0
"1-ef",1,True,Infinity,0,Infinity,,0
"Yangsan-55",1,True,Infinity,0,Infinity,,0
"Pohang Northwest",1,True,Infinity,0,Infinity,,0
"Busan-Yangsan",1,True,Infinity,0,Infinity,,0
"Ulsan-Busan",1,True,Infinity,0,Infinity,,0
"Ulsan-Busan sea",1,True,Infinity,0,Infinity,,0
"Ulsan sea appraoch",1,True,Infinity,0,Infinity,,0
"Sea base",1,True,Infinity,0,Infinity,,0
"sea base to sea lane",1,True,Infinity,0,Infinity,,0
"sea base to sea lane 1",1,True,Infinity,0,Infinity,,0
"sea lane ab",1,True,Infinity,0,Infinity,,0
"sea lane bc",1,False,Infinity,0,Infinity,,0
"sea lane into Pohang",1,False,Infinity,0,Infinity,,0
"northern sea lane",1,False,Infinity,0,Infinity,,0
"sea lane into north of pohang",1,False,Infinity,0,Infinity,,0
"Yeongchon north",1,True,Infinity,0,Infinity,,0
"Yeongchon south",1,True,Infinity,0,Infinity,,0
"55-ab",2,True,Infinity,0,Infinity,,0
"55-bc",2,True,Infinity,692800,Infinity,,0
"55-cd",2,True,Infinity,692800,Infinity,,0
"55-de",2,True,Infinity,692800,Infinity,,0
"55-ef",2,True,Infinity,0,Infinity,,0
"55fg",2,True,Infinity,0,Infinity,,0
"55-gh",2,True,Infinity,0,Infinity,,0
"55-hj",2,True,Infinity,0,Infinity,,0
"55-jk",2,True,Infinity,0,Infinity,,0
"55-kl",2,True,Infinity,0,Infinity,,0
"55-lm",2,True,Infinity,0,Infinity,,0
"55 west of Daegu",2,True,Infinity,0,Infinity,,0
"55 east of Daegu",2,True,Infinity,0,Infinity,,0
"55-no",2,True,325000,0,325000,0,0
"55-op",2,True,Infinity,0,Infinity,,0
"55-pq",2,True,Infinity,0,Infinity,,0
"55-qr",2,True,Infinity,0,Infinity,,0
"55-rs",2,True,Infinity,0,Infinity,,0
"55-st",2,True,Infinity,0,Infinity,,0
"55-tu",2,True,Infinity,0,Infinity,,0
"55-uv",2,True,Infinity,0,Infinity,,0
"55 near Gimhae",2,True,Infinity,0,Infinity,,0
"10-a",2,True,Infinity,0,Infinity,,0
"10-b",2,True,Infinity,0,Infinity,,0
"10-c",2,True,Infinity,0,Infinity,,0
"Andong-55",2,True,Infinity,692800,Infinity,,0
"35 east of Andong",2,True,Infinity,549270.4,Infinity,,0
"35ab",2,True,Infinity,549270.4,Infinity,,0
"35bc",2,True,Infinity,0,Infinity,,0
"35cd",2,True,Infinity,0,Infinity,,0
"55-Gyeongbuk",2,True,Infinity,0,Infinity,,0
"35-Gyeongbuk",2,True,Infinity,0,Infinity,,0
"20 west Pohang",2,True,Infinity,0,Infinity,,0
"20-bc",2,True,Infinity,0,Infinity,,0
"20-35",2,True,Infinity,0,Infinity,,0
"20-daegu",2,True,Infinity,0,Infinity,,0
"Pohang north",2,True,Infinity,0,Infinity,,0
"Ulsan-1",2,True,Infinity,0,Infinity,,0
"55-1",2,True,Infinity,0,Infinity,,0
"1-ab",2,True,Infinity,0,Infinity,,0
"1-bc",2,True,Infinity,0,Infinity,,0
"1-cd",2,True,Infinity,0,Infinity,,0
"1-de",2,True,Infinity,0,Infinity,,0
"1-ef",2,True,Infinity,0,Infinity,,0
"Yangsan-55",2,True,Infinity,0,Infinity,,0
"Pohang Northwest",2,True,Infinity,0,Infinity,,0
"Busan-Yangsan",2,True,Infinity,0,Infinity,,0
"Ulsan-Busan",2,True,Infinity,0,Infinity,,0
"Ulsan-Busan sea",2,True,Infinity,0,Infinity,,0
"Ulsan sea appraoch",2,True,Infinity,0,Infinity,,0
"Sea base",2,True,Infinity,0,Infinity,,0
"sea base to sea lane",2,True,Infinity,0,Infinity,,0
"sea base to sea lane 1",2,True,Infinity,0,Infinity,,0
"sea lane ab",2,True,Infinity,0,Infinity,,0
"sea lane bc",2,False,Infinity,0,Infinity,,0
"sea lane into Pohang",2,False,Infinity,0,Infinity,,0
"northern sea lane",2,False,Infinity,0,Infinity,,0
"sea lane into north of pohang",2,False,Infinity,0,Infinity,,0
"Yeongchon north",2,True,Infinity,0,Infinity,,0
"Yeongchon south",2,True,Infinity,0,Infinity,,0
"55-ab",3,True,Infinity,0,Infinity,,0
"55-bc",3,True,Infinity,692800,Infinity,,0
"55-cd",3,True,Infinity,692800,Infinity,,0
"55-de",3,True,Infinity,692800,Infinity,,0
"55-ef",3,True,Infinity,692800,Infinity,,0
"55fg",3,True,Infinity,692800,Infinity,,0
"55-gh",3,True,Infinity,0,Infinity,,0
"55-hj",3,True,Infinity,0,Infinity,,0
"55-jk",3,True,Infinity,0,Infinity,,0
"55-kl",3,True,Infinity,0,Infinity,,0
"55-lm",3,True,Infinity,0,Infinity,,0
"55 west of Daegu",3,True,Infinity,0,Infinity,,0
"55 east of Daegu",3,True,Infinity,0,Infinity,,0
"55-no",3,True,325000,0,325000,0,0
"55-op",3,True,Infinity,0,Infinity,,0
"55-pq",3,True,Infinity,0,Infinity,,0
"55-qr",3,True,Infinity,0,Infinity,,0
"55-rs",3,True,Infinity,0,Infinity,,0
"55-st",3,True,Infinity,0,Infinity,,0
"55-tu",3,True,Infinity,0,Infinity,,0
"55-uv",3,True,Infinity,0,Infinity,,0
"55 near Gimhae",3,True,Infinity,0,Infinity,,0
"10-a",3,True,Infinity,0,Infinity,,0
"10-b",3,True,Infinity,0,Infinity,,0
"10-c",3,True,Infinity,0,Infinity,,0
"Andong-55",3,True,Infinity,692800,Infinity,,0
"35 east of Andong",3,True,Infinity,549270.4,Infinity,,0
"35ab",3,True,Infinity,549270.4,Infinity,,0
"35bc",3,True,Infinity,549270.4,Infinity,,0
"35cd",3,True,Infinity,0,Infinity,,0
"55-Gyeongbuk",3,True,Infinity,0,Infinity,,0
"35-Gyeongbuk",3,True,Infinity,0,Infinity,,0
"20 west Pohang",3,True,Infinity,0,Infinity,,0
"20-bc",3,True,Infinity,0,Infinity,,0
"20-35",3,True,Infinity,0,Infinity,,0
"20-daegu",3,True,Infinity,0,Infinity,,0
"Pohang north",3,True,Infinity,0,Infinity,,0
"Ulsan-1",3,True,Infinity,0,Infinity,,0
"55-1",3,True,Infinity,0,Infinity,,0
"1-ab",3,True,Infinity,0,Infinity,,0
"1-bc",3,True,Infinity,0,Infinity,,0
"1-cd",3,True,Infinity,0,Infinity,,0
"1-de",3,True,Infinity,0,Infinity,,0
"1-ef",3,True,Infinity,0,Infinity,,0
"Yangsan-55",3,True,Infinity,0,Infinity,,0
"Pohang Northwest",3,True,Infinity,0,Infinity,,0
"Busan-Yangsan",3,True,Infinity,0,Infinity,,0
"Ulsan-Busan",3,True,Infinity,0,Infinity,,0
"Ulsan-Busan sea",3,True,Infinity,0,Infinity,,0
"Ulsan sea appraoch",3,True,Infinity,0,Infinity,,0
"Sea base",3,True,Infinity,0,Infinity,,0
"sea base to sea lane",3,True,Infinity,0,Infinity,,0
"sea base to sea lane 1",3,True,Infinity,0,Infinity,,0
"sea lane ab",3,True,Infinity,0,Infinity,,0
"sea lane bc",3,False,Infinity,0,Infinity,,0
"sea lane into Pohang",3,False,Infinity,0,Infinity,,0
"northern sea lane",3,False,Infinity,0,Infinity,,0
"sea lane into north of pohang",3,False,Infinity,0,Infinity,,0
"Yeongchon north",3,True,Infinity,0,Infinity,,0
"Yeongchon south",3,True,Infinity,0,Infinity,,0
"55-ab",4,True,Infinity,0,Infinity,,0
"55-bc",4,True,Infinity,692800,Infinity,,0
"55-cd",4,True,Infinity,692800,Infinity,,0
"55-de",4,True,Infinity,692800,Infinity,,0
"55-ef",4,True,Infinity,692800,Infinity,,0
"55fg",4,True,Infinity,692800,Infinity,,0
"55-gh",4,True,Infinity,0,Infinity,,0
"55-hj",4,True,Infinity,0,Infinity,,0
"55-jk",4,True,Infinity,0,Infinity,,0
"55-kl",4,True,Infinity,0,Infinity,,0
"55-lm",4,True,Infinity,0,Infinity,,0
"55 west of Daegu",4,True,Infinity,0,Infinity,,0
"55 east of Daegu",4,True,Infinity,0,Infinity,,0
"55-no",4,True,325000,0,325000,0,0
"55-op",4,True,Infinity,0,Infinity,,0
"55-pq",4,True,Infinity,0,Infinity,,0
"55-qr",4,True,Infinity,0,Infinity,,0
"55-rs",4,True,Infinity,0,Infinity,,0
"55-st",4,True,Infinity,0,Infinity,,0
"55-tu",4,True,Infinity,0,Infinity,,0
"55-uv",4,True,Infinity,0,Infinity,,0
"55 near Gimhae",4,True,Infinity,0,Infinity,,0
"10-a",4,True,Infinity,0,Infinity,,0
"10-b",4,True,Infinity,0,Infinity,,0
"10-c",4,True,Infinity,0,Infinity,,0
"Andong-55",4,True,Infinity,692800,Infinity,,0
"35 east of Andong",4,True,Infinity,549270.4,Infinity,,0
"35ab",4,True,Infinity,549270.4,Infinity,,0
"35bc",4,True,Infinity,549270.4,Infinity,,0
"35cd",4,True,Infinity,0,Infinity,,0
"55-Gyeongbuk",4,True,Infinity,0,Infinity,,0
"35-Gyeongbuk",4,True,Infinity,0,Infinity,,0
"20 west Pohang",4,True,Infinity,0,Infinity,,0
"20-bc",4,True,Infinity,0,Infinity,,0
"20-35",4,True,Infinity,0,Infinity,,0
"20-daegu",4,True,Infinity,0,Infinity,,0
"Pohang north",4,True,Infinity,0,Infinity,,0
"Ulsan-1",4,True,Infinity,0,Infinity,,0
"55-1",4,True,Infinity,0,Infinity,,0
"1-ab",4,True,Infinity,0,Infinity,,0
"1-bc",4,True,Infinity,0,Infinity,,0
"1-cd",4,True,Infinity,0,Infinity,,0
"1-de",4,True,Infinity,0,Infinity,,0
"1-ef",4,True,Infinity,0,Infinity,,0
"Yangsan-55",4,True,Infinity,0,Infinity,,0
"Pohang Northwest",4,True,Infinity,0,Infinity,,0
"Busan-Yangsan",4,True,Infinity,0,Infinity,,0
"Ulsan-Busan",4,True,Infinity,0,Infinity,,0
"Ulsan-Busan sea",4,True,Infinity,0,Infinity,,0
"Ulsan sea appraoch",4,True,Infinity,0,Infinity,,0
"Sea base",4,True,Infinity,0,Infinity,,0
"sea base to sea lane",4,True,Infinity,0,Infinity,,0
"sea base to sea lane 1",4,True,Infinity,0,Infinity,,0
"sea lane ab",4,True,Infinity,0,Infinity,,0
"sea lane bc",4,False,Infinity,0,Infinity,,0
"sea lane into Pohang",4,False,Infinity,0,Infinity,,0
"northern sea lane",4,False,Infinity,0,Infinity,,0
"sea lane into north of pohang",4,False,Infinity,0,Infinity,,0
"Yeongchon north",4,True,Infinity,0,Infinity,,0
"Yeongchon south",4,True,Infinity,0,Infinity,,0
"55-ab",5,True,Infinity,0,Infinity,,0
"55-bc",5,True,Infinity,363720,Infinity,,0
"55-cd",5,True,Infinity,363720,Infinity,,0
"55-de",5,True,Infinity,363720,Infinity,,0
"55-ef",5,True,Infinity,363720,Infinity,,0
"55fg",5,True,Infinity,363720,Infinity,,0
"55-gh",5,True,Infinity,363720,Infinity,,0
"55-hj",5,True,Infinity,363720,Infinity,,0
"55-jk",5,True,Infinity,0,Infinity,,0
"55-kl",5,True,Infinity,0,Infinity,,0
"55-lm",5,True,Infinity,0,Infinity,,0
"55 west of Daegu",5,True,Infinity,0,Infinity,,0
"55 east of Daegu",5,True,Infinity,0,Infinity,,0
"55-no",5,True,325000,0,325000,0,0
"55-op",5,True,Infinity,0,Infinity,,0
"55-pq",5,True,Infinity,0,Infinity,,0
"55-qr",5,True,Infinity,0,Infinity,,0
"55-rs",5,True,Infinity,0,Infinity,,0
"55-st",5,True,Infinity,0,Infinity,,0
"55-tu",5,True,Infinity,0,Infinity,,0
"55-uv",5,True,Infinity,0,Infinity,,0
"55 near Gimhae",5,True,Infinity,0,Infinity,,0
"10-a",5,True,Infinity,0,Infinity,,0
"10-b",5,True,Infinity,0,Infinity,,0
"10-c",5,True,Infinity,0,Infinity,,0
"Andong-55",5,True,Infinity,363720,Infinity,,0
"35 east of Andong",5,True,Infinity,425064.24,Infinity,,0
"35ab",5,True,Infinity,425064.24,Infinity,,0
"35bc",5,True,Infinity,425064.24,Infinity,,0
"35cd",5,True,Infinity,0,Infinity,,0
"55-Gyeongbuk",5,True,Infinity,0,Infinity,,0
"35-Gyeongbuk",5,True,Infinity,0,Infinity,,0
"20 west Pohang",5,True,Infinity,0,Infinity,,0
"20-bc",5,True,Infinity,0,Infinity,,0
"20-35",5,True,Infinity,0,Infinity,,0
"20-daegu",5,True,Infinity,0,Infinity,,0
"Pohang north",5,True,Infinity,0,Infinity,,0
"Ulsan-1",5,True,Infinity,0,Infinity,,0
"55-1",5,True,Infinity,0,Infinity,,0
"1-ab",5,True,Infinity,0,Infinity,,0
"1-bc",5,True,Infinity,0,Infinity,,0
"1-cd",5,True,Infinity,0,Infinity,,0
"1-de",5,True,Infinity,0,Infinity,,0
"1-ef",5,True,Infinity,0,Infinity,,0
"Yangsan-55",5,True,Infinity,0,Infinity,,0
"Pohang Northwest",5,True,Infinity,0,Infinity,,0
"Busan-Yangsan",5,True,Infinity,0,Infinity,,0
"Ulsan-Busan",5,True,Infinity,0,Infinity,,0
"Ulsan-Busan sea",5,True,Infinity,0,Infinity,,0
"Ulsan sea appraoch",5,True,Infinity,0,Infinity,,0
"Sea base",5,True,Infinity,0,Infinity,,0
"sea base to sea lane",5,True,Infinity,0,Infinity,,0
"sea base to sea lane 1",5,True,Infinity,0,Infinity,,0
"sea lane ab",5,True,Infinity,0,Infinity,,0
"sea lane bc",5,False,Infinity,0,Infinity,,0
"sea lane into Pohang",5,False,Infinity,0,Infinity,,0
"northern sea lane",5,False,Infinity,0,Infinity,,0
"sea lane into north of pohang",5,False,Infinity,0,Infinity,,0
"Yeongchon north",5,True,Infinity,0,Infinity,,0
"Yeongchon south",5,True,Infinity,0,Infinity,,0
"55-ab",6,True,Infinity,0,Infinity,,0
"55-bc",6,True,Infinity,606200,Infinity,,0
"55-cd",6,True,Infinity,606200,Infinity,,0
"55-de",6,True,Infinity,606200,Infinity,,0
"55-ef",6,True,Infinity,606200,Infinity,,0
"55fg",6,True,Infinity,606200,Infinity,,0
"55-gh",6,True,Infinity,606200,Infinity,,0
"55-hj",6,True,Infinity,606200,Infinity,,0
"55-jk",6,True,Infinity,0,Infinity,,0
"55-kl",6,True,Infinity,0,Infinity,,0
"55-lm",6,True,Infinity,0,Infinity,,0
"55 west of Daegu",6,True,Infinity,0,Infinity,,0
"55 east of Daegu",6,True,Infinity,0,Infinity,,0
"55-no",6,True,325000,0,325000,0,0
"55-op",6,True,Infinity,0,Infinity,,0
"55-pq",6,True,Infinity,0,Infinity,,0
"55-qr",6,True,Infinity,0,Infinity,,0
"55-rs",6,True,Infinity,0,Infinity,,0
"55-st",6,True,Infinity,0,Infinity,,0
"55-tu",6,True,Infinity,0,Infinity,,0
"55-uv",6,True,Infinity,0,Infinity,,0
"55 near Gimhae",6,True,Infinity,0,Infinity,,0
"10-a",6,True,Infinity,0,Infinity,,0
"10-b",6,True,Infinity,0,Infinity,,0
"10-c",6,True,Infinity,0,Infinity,,0
"Andong-55",6,True,Infinity,606200,Infinity,,0
"35 east of Andong",6,True,Infinity,425254.08,Infinity,,0
"35ab",6,True,Infinity,425254.08,Infinity,,0
"35bc",6,True,Infinity,425254.08,Infinity,,0
"35cd",6,True,Infinity,425254.08,Infinity,,0
"55-Gyeongbuk",6,True,Infinity,0,Infinity,,0
"35-Gyeongbuk",6,True,Infinity,0,Infinity,,0
"20 west Pohang",6,True,Infinity,176282.318355799,Infinity,,0
"20-bc",6,True,Infinity,176282.318355799,Infinity,,0
"20-35",6,True,Infinity,0,Infinity,,0
"20-daegu",6,True,Infinity,0,Infinity,,0
"Pohang north",6,True,Infinity,0,Infinity,,0
"Ulsan-1",6,True,Infinity,0,Infinity,,0
"55-1",6,True,Infinity,0,Infinity,,0
"1-ab",6,True,Infinity,0,Infinity,,0
"1-bc",6,True,Infinity,0,Infinity,,0
"1-cd",6,True,Infinity,0,Infinity,,0
"1-de",6,True,Infinity,0,Infinity,,0
"1-ef",6,True,Infinity,0,Infinity,,0
"Yangsan-55",6,True,Infinity,0,Infinity,,0
"Pohang Northwest",6,True,Infinity,0,Infinity,,0
"Busan-Yangsan",6,True,Infinity,0,Infinity,,0
"Ulsan-Busan",6,True,Infinity,0,Infinity,,0
"Ulsan-Busan sea",6,True,Infinity,0,Infinity,,0
"Ulsan sea appraoch",6,True,Infinity,0,Infinity,,0
"Sea base",6,True,Infinity,0,Infinity,,0
"sea base to sea lane",6,True,Infinity,0,Infinity,,0
"sea base to sea lane 1",6,True,Infinity,0,Infinity,,0
"sea lane ab",6,True,Infinity,0,Infinity,,0
"sea lane bc",6,False,Infinity,0,Infinity,,0
"sea lane into Pohang",6,False,Infinity,0,Infinity,,0
"northern sea lane",6,False,Infinity,0,Infinity,,0
"sea lane into north of pohang",6,False,Infinity,0,Infinity,,0
"Yeongchon north",6,True,Infinity,0,Infinity,,0
"Yeongchon south",6,True,Infinity,0,Infinity,,0
"55-ab",7,True,Infinity,0,Infinity,,0
"55-bc",7,True,Infinity,565400,Infinity,,0
"55-cd",7,True,Infinity,565400,Infinity,,0
"55-de",7,True,Infinity,565400,Infinity,,0
"55-ef",7,True,Infinity,565400,Infinity,,0
"55fg",7,True,Infinity,565400,Infinity,,0
"55-gh",7,True,Infinity,565400,Infinity,,0
"55-hj",7,True,Infinity,565400,Infinity,,0
"55-jk",7,True,Infinity,565400,Infinity,,0
"55-kl",7,True,Infinity,253640,Infinity,,0
"55-lm",7,True,Infinity,0,Infinity,,0
"55 west of Daegu",7,True,Infinity,0,Infinity,,0
"55 east of Daegu",7,True,Infinity,0,Infinity,,0
"55-no",7,True,325000,0,325000,0,0
"55-op",7,True,Infinity,0,Infinity,,0
"55-pq",7,True,Infinity,0,Infinity,,0
"55-qr",7,True,Infinity,0,Infinity,,0
"55-rs",7,True,Infinity,0,Infinity,,0
"55-st",7,True,Infinity,0,Infinity,,0
"55-tu",7,True,Infinity,0,Infinity,,0
"55-uv",7,True,Infinity,0,Infinity,,0
"55 near Gimhae",7,True,Infinity,0,Infinity,,0
"10-a",7,True,Infinity,0,Infinity,,0
"10-b",7,True,Infinity,0,Infinity,,0
"10-c",7,True,Infinity,0,Infinity,,0
"Andong-55",7,True,Infinity,565400,Infinity,,0
"35 east of Andong",7,True,Infinity,408350.4,Infinity,,0
"35ab",7,True,Infinity,408350.4,Infinity,,0
"35bc",7,True,Infinity,408350.4,Infinity,,0
"35cd",7,True,Infinity,408350.4,Infinity,,0
"55-Gyeongbuk",7,True,Infinity,0,Infinity,,0
"35-Gyeongbuk",7,True,Infinity,0,Infinity,,0
"20 west Pohang",7,True,Infinity,359456,Infinity,,0
"20-bc",7,True,Infinity,359456,Infinity,,0
"20-35",7,True,Infinity,359456,Infinity,,0
"20-daegu",7,True,Infinity,0,Infinity,,0
"Pohang north",7,True,Infinity,0,Infinity,,0
"Ulsan-1",7,True,Infinity,0,Infinity,,0
"55-1",7,True,Infinity,0,Infinity,,0
"1-ab",7,True,Infinity,0,Infinity,,0
"1-bc",7,True,Infinity,0,Infinity,,0
"1-cd",7,True,Infinity,0,Infinity,,0
"1-de",7,True,Infinity,0,Infinity,,0
"1-ef",7,True,Infinity,0,Infinity,,0
"Yangsan-55",7,True,Infinity,0,Infinity,,0
"Pohang Northwest",7,True,Infinity,0,Infinity,,0
"Busan-Yangsan",7,True,Infinity,0,Infinity,,0
"Ulsan-Busan",7,True,Infinity,0,Infinity,,0
"Ulsan-Busan sea",7,True,Infinity,0,Infinity,,0
"Ulsan sea appraoch",7,True,Infinity,0,Infinity,,0
"Sea base",7,True,Infinity,0,Infinity,,0
"sea base to sea lane",7,True,Infinity,0,Infinity,,0
"sea base to sea lane 1",7,True,Infinity,0,Infinity,,0
"sea lane ab",7,True,Infinity,0,Infinity,,0
"sea lane bc",7,False,Infinity,0,Infinity,,0
"sea lane into Pohang",7,False,Infinity,0,Infinity,,0
"northern sea lane",7,False,Infinity,0,Infinity,,0
"sea lane into north of pohang",7,False,Infinity,0,Infinity,,0
"Yeongchon north",7,True,Infinity,205182.2,Infinity,,0
"Yeongchon south",7,True,Infinity,0,Infinity,,0
"55-ab",8,True,Infinity,0,Infinity,,0
"55-bc",8,True,Infinity,565400,Infinity,,0
"55-cd",8,True,Infinity,565400,Infinity,,0
"55-de",8,True,Infinity,565400,Infinity,,0
"55-ef",8,True,Infinity,565400,Infinity,,0
"55fg",8,True,Infinity,565400,Infinity,,0
"55-gh",8,True,Infinity,565400,Infinity,,0
"55-hj",8,True,Infinity,565400,Infinity,,0
"55-jk",8,True,Infinity,565400,Infinity,,0
"55-kl",8,True,Infinity,565400,Infinity,,0
"55-lm",8,True,Infinity,253640,Infinity,,0
"55 west of Daegu",8,True,Infinity,0,Infinity,,0
"55 east of Daegu",8,True,Infinity,0,Infinity,,0
"55-no",8,True,325000,0,325000,0,0
"55-op",8,True,Infinity,0,Infinity,,0
"55-pq",8,True,Infinity,0,Infinity,,0
"55-qr",8,True,Infinity,0,Infinity,,0
"55-rs",8,True,Infinity,0,Infinity,,0
"55-st",8,True,Infinity,0,Infinity,,0
"55-tu",8,True,Infinity,0,Infinity,,0
"55-uv",8,True,Infinity,0,Infinity,,0
"55 near Gimhae",8,True,Infinity,0,Infinity,,0
"10-a",8,True,Infinity,0,Infinity,,0
"10-b",8,True,Infinity,0,Infinity,,0
"10-c",8,True,Infinity,0,Infinity,,0
"Andong-55",8,True,Infinity,565400,Infinity,,0
"35 east of Andong",8,True,Infinity,365030.4,Infinity,,0
"35ab",8,True,Infinity,365030.4,Infinity,,0
"35bc",8,True,Infinity,365030.4,Infinity,,0
"35cd",8,True,Infinity,365030.4,Infinity,,0
"55-Gyeongbuk",8,True,Infinity,0,Infinity,,0
"35-Gyeongbuk",8,True,Infinity,0,Infinity,,0
"20 west Pohang",8,True,Infinity,297109.2,Infinity,,0
"20-bc",8,True,Infinity,297109.2,Infinity,,0
"20-35",8,True,Infinity,297109.2,Infinity,,0
"20-daegu",8,True,Infinity,0,Infinity,,0
"Pohang north",8,True,Infinity,0,Infinity,,0
"Ulsan-1",8,True,Infinity,0,Infinity,,0
"55-1",8,True,Infinity,0,Infinity,,0
"1-ab",8,True,Infinity,0,Infinity,,0
"1-bc",8,True,Infinity,0,Infinity,,0
"1-cd",8,True,Infinity,0,Infinity,,0
"1-de",8,True,Infinity,0,Infinity,,0
"1-ef",8,True,Infinity,0,Infinity,,0
"Yangsan-55",8,True,Infinity,0,Infinity,,0
"Pohang Northwest",8,True,Infinity,0,Infinity,,0
"Busan-Yangsan",8,True,Infinity,0,Infinity,,0
"Ulsan-Busan",8,True,Infinity,0,Infinity,,0
"Ulsan-Busan sea",8,True,Infinity,0,Infinity,,0
"Ulsan sea appraoch",8,True,Infinity,0,Infinity,,0
"Sea base",8,True,Infinity,0,Infinity,,0
"sea base to sea lane",8,True,Infinity,0,Infinity,,0
"sea base to sea lane 1",8,True,Infinity,0,Infinity,,0
"sea lane ab",8,True,Infinity,0,Infinity,,0
"sea lane bc",8,False,Infinity,0,Infinity,,0
"sea lane into Pohang",8,False,Infinity,0,Infinity,,0
"northern sea lane",8,False,Infinity,0,Infinity,,0
"sea lane into north of pohang",8,False,Infinity,0,Infinity,,0
"Yeongchon north",8,True,Infinity,455368,Infinity,,0
"Yeongchon south",8,True,Infinity,0,Infinity,,0
"55-ab",9,True,Infinity,0,Infinity,,0
"55-bc",9,True,Infinity,0,Infinity,,0
"55-cd",9,True,Infinity,0,Infinity,,0
"55-de",9,True,Infinity,0,Infinity,,0
"55-ef",9,True,Infinity,0,Infinity,,0
"55fg",9,True,Infinity,0,Infinity,,0
"55-gh",9,True,Infinity,0,Infinity,,0
"55-hj",9,True,Infinity,0,Infinity,,0
"55-jk",9,True,Infinity,0,Infinity,,0
"55-kl",9,True,Infinity,0,Infinity,,0
"55-lm",9,True,Infinity,0,Infinity,,0
"55 west of Daegu",9,True,Infinity,0,Infinity,,0
"55 east of Daegu",9,True,Infinity,647000,Infinity,,0
"55-no",9,True,325000,0,325000,0,0
"55-op",9,True,Infinity,0,Infinity,,0
"55-pq",9,True,Infinity,0,Infinity,,0
"55-qr",9,True,Infinity,0,Infinity,,0
"55-rs",9,True,Infinity,0,Infinity,,0
"55-st",9,True,Infinity,0,Infinity,,0
"55-tu",9,True,Infinity,0,Infinity,,0
"55-uv",9,True,Infinity,0,Infinity,,0
"55 near Gimhae",9,True,Infinity,0,Infinity,,0
"10-a",9,True,Infinity,0,Infinity,,0
"10-b",9,True,Infinity,0,Infinity,,0
"10-c",9,True,Infinity,0,Infinity,,0
"Andong-55",9,True,Infinity,0,Infinity,,0
"35 east of Andong",9,True,Infinity,915400,Infinity,,0
"35ab",9,True,Infinity,915400,Infinity,,0
"35bc",9,True,Infinity,915400,Infinity,,0
"35cd",9,True,Infinity,915400,Infinity,,0
"55-Gyeongbuk",9,True,Infinity,0,Infinity,,0
"35-Gyeongbuk",9,True,Infinity,0,Infinity,,0
"20 west Pohang",9,True,Infinity,285570,Infinity,,0
"20-bc",9,True,Infinity,285570,Infinity,,0
"20-35",9,True,Infinity,285570,Infinity,,0
"20-daegu",9,True,Infinity,647000,Infinity,,0
"Pohang north",9,True,Infinity,0,Infinity,,0
"Ulsan-1",9,True,Infinity,0,Infinity,,0
"55-1",9,True,Infinity,0,Infinity,,0
"1-ab",9,True,Infinity,165225.6,Infinity,,0
"1-bc",9,True,Infinity,375789.76,Infinity,,0
"1-cd",9,True,Infinity,0,Infinity,,0
"1-de",9,True,Infinity,0,Infinity,,0
"1-ef",9,True,Infinity,0,Infinity,,0
"Yangsan-55",9,True,Infinity,0,Infinity,,0
"Pohang Northwest",9,True,Infinity,0,Infinity,,0
"Busan-Yangsan",9,True,Infinity,0,Infinity,,0
"Ulsan-Busan",9,True,Infinity,0,Infinity,,0
"Ulsan-Busan sea",9,True,Infinity,0,Infinity,,0
"Ulsan sea appraoch",9,True,Infinity,0,Infinity,,0
"Sea base",9,True,Infinity,0,Infinity,,0
"sea base to sea lane",9,True,Infinity,0,Infinity,,0
"sea base to sea lane 1",9,True,Infinity,0,Infinity,,0
"sea lane ab",9,True,Infinity,0,Infinity,,0
"sea lane bc",9,False,Infinity,0,Infinity,,0
"sea lane into Pohang",9,False,Infinity,0,Infinity,,0
"northern sea lane",9,False,Infinity,0,Infinity,,0
"sea lane into north of pohang",9,False,Infinity,0,Infinity,,0
"Yeongchon north",9,True,Infinity,719496,Infinity,,0
"Yeongchon south",9,True,Infinity,719496,Infinity,,0
"55-ab",10,True,Infinity,0,Infinity,,0
"55-bc",10,True,Infinity,0,Infinity,,0
"55-cd",10,True,Infinity,0,Infinity,,0
"55-de",10,True,Infinity,0,Infinity,,0
"55-ef",10,True,Infinity,0,Infinity,,0
"55fg",10,True,Infinity,0,Infinity,,0
"55-gh",10,True,Infinity,0,Infinity,,0
"55-hj",10,True,Infinity,0,Infinity,,0
"55-jk",10,True,Infinity,0,Infinity,,0
"55-kl",10,True,Infinity,0,Infinity,,0
"55-lm",10,True,Infinity,0,Infinity,,0
"55 west of Daegu",10,True,Infinity,0,Infinity,,0
"55 east of Daegu",10,True,Infinity,325000,Infinity,,0
"55-no",10,True,325000,325000,0,1,1
"55-op",10,True,Infinity,0,Infinity,,0
"55-pq",10,True,Infinity,0,Infinity,,0
"55-qr",10,True,Infinity,0,Infinity,,0
"55-rs",10,True,Infinity,0,Infinity,,0
"55-st",10,True,Infinity,0,Infinity,,0
"55-tu",10,True,Infinity,0,Infinity,,0
"55-uv",10,True,Infinity,0,Infinity,,0
"55 near Gimhae",10,True,Infinity,0,Infinity,,0
"10-a",10,True,Infinity,0,Infinity,,0
"10-b",10,True,Infinity,0,Infinity,,0
"10-c",10,True,Infinity,0,Infinity,,0
"Andong-55",10,True,Infinity,0,Infinity,,0
"35 east of Andong",10,True,Infinity,871255.797579262,Infinity,,0
"35ab",10,True,Infinity,871255.797579262,Infinity,,0
"35bc",10,True,Infinity,871255.797579262,Infinity,,0
"35cd",10,True,Infinity,871255.797579262,Infinity,,0
"55-Gyeongbuk",10,True,Infinity,0,Infinity,,0
"35-Gyeongbuk",10,True,Infinity,0,Infinity,,0
"20 west Pohang",10,True,Infinity,285570,Infinity,,0
"20-bc",10,True,Infinity,285570,Infinity,,0
"20-35",10,True,Infinity,285570,Infinity,,0
"20-daegu",10,True,Infinity,325000,Infinity,,0
"Pohang north",10,True,Infinity,0,Infinity,,0
"Ulsan-1",10,True,Infinity,0,Infinity,,0
"55-1",10,True,Infinity,0,Infinity,,0
"1-ab",10,True,Infinity,0,Infinity,,0
"1-bc",10,True,Infinity,201567.290615344,Infinity,,0
"1-cd",10,True,Infinity,0,Infinity,,0
"1-de",10,True,Infinity,0,Infinity,,0
"1-ef",10,True,Infinity,0,Infinity,,0
"Yangsan-55",10,True,Infinity,0,Infinity,,0
"Pohang Northwest",10,True,Infinity,0,Infinity,,0
"Busan-Yangsan",10,True,Infinity,0,Infinity,,0
"Ulsan-Busan",10,True,Infinity,0,Infinity,,0
"Ulsan-Busan sea",10,True,Infinity,0,Infinity,,0
"Ulsan sea appraoch",10,True,Infinity,0,Infinity,,0
"Sea base",10,True,Infinity,0,Infinity,,0
"sea base to sea lane",10,True,Infinity,0,Infinity,,0
"sea base to sea lane 1",10,True,Infinity,0,Infinity,,0
"sea lane ab",10,True,Infinity,0,Infinity,,0
"sea lane bc",10,False,Infinity,0,Infinity,,0
"sea lane into Pohang",10,False,Infinity,0,Infinity,,0
"northern sea lane",10,False,Infinity,0,Infinity,,0
"sea lane into north of pohang",10,False,Infinity,0,Infinity,,0
"Yeongchon north",10,True,Infinity,366792.890615344,Infinity,,0
"Yeongchon south",10,True,Infinity,201567.290615344,Infinity,,0
"55-ab",11,True,Infinity,0,Infinity,,0
"55-bc",11,True,Infinity,0,Infinity,,0
"55-cd",11,True,Infinity,0,Infinity,,0
"55-de",11,True,Infinity,0,Infinity,,0
"55-ef",11,True,Infinity,0,Infinity,,0
"55fg",11,True,Infinity,0,Infinity,,0
"55-gh",11,True,Infinity,0,Infinity,,0
"55-hj",11,True,Infinity,0,Infinity,,0
"55-jk",11,True,Infinity,0,Infinity,,0
"55-kl",11,True,Infinity,0,Infinity,,0
"55-lm",11,True,Infinity,0,Infinity,,0
"55 west of Daegu",11,True,Infinity,0,Infinity,,0
"55 east of Daegu",11,True,Infinity,325000,Infinity,,0
"55-no",11,True,325000,325000,0,1,1
"55-op",11,True,Infinity,325000,Infinity,,0
"55-pq",11,True,Infinity,182240,Infinity,,0
"55-qr",11,True,Infinity,182240,Infinity,,0
"55-rs",11,True,Infinity,182240,Infinity,,0
"55-st",11,True,Infinity,182240,Infinity,,0
"55-tu",11,True,Infinity,182240,Infinity,,0
"55-uv",11,True,Infinity,182240,Infinity,,0
"55 near Gimhae",11,True,Infinity,0,Infinity,,0
"10-a",11,True,Infinity,0,Infinity,,0
"10-b",11,True,Infinity,0,Infinity,,0
"10-c",11,True,Infinity,0,Infinity,,0
"Andong-55",11,True,Infinity,0,Infinity,,0
"35 east of Andong",11,True,Infinity,815079.133026432,Infinity,,0
"35ab",11,True,Infinity,815079.133026432,Infinity,,0
"35bc",11,True,Infinity,815079.133026432,Infinity,,0
"35cd",11,True,Infinity,815079.133026432,Infinity,,0
"55-Gyeongbuk",11,True,Infinity,0,Infinity,,0
"35-Gyeongbuk",11,True,Infinity,0,Infinity,,0
"20 west Pohang",11,True,Infinity,285570,Infinity,,0
"20-bc",11,True,Infinity,285570,Infinity,,0
"20-35",11,True,Infinity,285570,Infinity,,0
"20-daegu",11,True,Infinity,325000,Infinity,,0
"Pohang north",11,True,Infinity,0,Infinity,,0
"Ulsan-1",11,True,Infinity,0,Infinity,,0
"55-1",11,True,Infinity,0,Infinity,,0
"1-ab",11,True,Infinity,0,Infinity,,0
"1-bc",11,True,Infinity,473595.109384656,Infinity,,0
"1-cd",11,True,Infinity,473595.109384656,Infinity,,0
"1-de",11,True,Infinity,182240,Infinity,,0
"1-ef",11,True,Infinity,182240,Infinity,,0
"Yangsan-55",11,True,Infinity,182240,Infinity,,0
"Pohang Northwest",11,True,Infinity,0,Infinity,,0
"Busan-Yangsan",11,True,Infinity,0,Infinity,,0
"Ulsan-Busan",11,True,Infinity,0,Infinity,,0
"Ulsan-Busan sea",11,True,Infinity,0,Infinity,,0
"Ulsan sea appraoch",11,True,Infinity,0,Infinity,,0
"Sea base",11,True,Infinity,0,Infinity,,0
"sea base to sea lane",11,True,Infinity,0,Infinity,,0
"sea base to sea lane 1",11,True,Infinity,0,Infinity,,0
"sea lane ab",11,True,Infinity,0,Infinity,,0
"sea lane bc",11,False,Infinity,0,Infinity,,0
"sea lane into Pohang",11,False,Infinity,0,Infinity,,0
"northern sea lane",11,False,Infinity,0,Infinity,,0
"sea lane into north of pohang",11,False,Infinity,0,Infinity,,0
"Yeongchon north",11,True,Infinity,638820.709384656,Infinity,,0
"Yeongchon south",11,True,Infinity,473595.109384656,Infinity,,0
"55-ab",12,True,Infinity,0,Infinity,,0
"55-bc",12,True,Infinity,0,Infinity,,0
"55-cd",12,True,Infinity,0,Infinity,,0
"55-de",12,True,Infinity,0,Infinity,,0
"55-ef",12,True,Infinity,0,Infinity,,0
"55fg",12,True,Infinity,0,Infinity,,0
"55-gh",12,True,Infinity,0,Infinity,,0
"55-hj",12,True,Infinity,0,Infinity,,0
"55-jk",12,True,Infinity,0,Infinity,,0
"55-kl",12,True,Infinity,0,Infinity,,0
"55-lm",12,True,Infinity,0,Infinity,,0
"55 west of Daegu",12,True,Infinity,0,Infinity,,0
"55 east of Daegu",12,True,Infinity,325000,Infinity,,0
"55-no",12,True,325000,325000,0,1,1
"55-op",12,True,Infinity,325000,Infinity,,0
"55-pq",12,True,Infinity,325000,Infinity,,0
"55-qr",12,True,Infinity,263752,Infinity,,0
"55-rs",12,True,Infinity,198624,Infinity,,0
"55-st",12,True,Infinity,198624,Infinity,,0
"55-tu",12,True,Infinity,198624,Infinity,,0
"55-uv",12,True,Infinity,198624,Infinity,,0
"55 near Gimhae",12,True,Infinity,0,Infinity,,0
"10-a",12,True,Infinity,0,Infinity,,0
"10-b",12,True,Infinity,0,Infinity,,0
"10-c",12,True,Infinity,0,Infinity,,0
"Andong-55",12,True,Infinity,0,Infinity,,0
"35 east of Andong",12,True,Infinity,787345.587538154,Infinity,,0
"35ab",12,True,Infinity,787345.587538154,Infinity,,0
"35bc",12,True,Infinity,787345.587538154,Infinity,,0
"35cd",12,True,Infinity,787345.587538154,Infinity,,0
"55-Gyeongbuk",12,True,Infinity,0,Infinity,,0
"35-Gyeongbuk",12,True,Infinity,0,Infinity,,0
"20 west Pohang",12,True,Infinity,285570,Infinity,,0
"20-bc",12,True,Infinity,285570,Infinity,,0
"20-35",12,True,Infinity,285570,Infinity,,0
"20-daegu",12,True,Infinity,325000,Infinity,,0
"Pohang north",12,True,Infinity,0,Infinity,,0
"Ulsan-1",12,True,Infinity,0,Infinity,,0
"55-1",12,True,Infinity,0,Infinity,,0
"1-ab",12,True,Infinity,0,Infinity,,0
"1-bc",12,True,Infinity,528133.6,Infinity,,0
"1-cd",12,True,Infinity,528133.6,Infinity,,0
"1-de",12,True,Infinity,198624,Infinity,,0
"1-ef",12,True,Infinity,198624,Infinity,,0
"Yangsan-55",12,True,Infinity,198624,Infinity,,0
"Pohang Northwest",12,True,Infinity,0,Infinity,,0
"Busan-Yangsan",12,True,Infinity,0,Infinity,,0
"Ulsan-Busan",12,True,Infinity,0,Infinity,,0
"Ulsan-Busan sea",12,True,Infinity,0,Infinity,,0
"Ulsan sea appraoch",12,True,Infinity,0,Infinity,,0
"Sea base",12,True,Infinity,0,Infinity,,0
"sea base to sea lane",12,True,Infinity,0,Infinity,,0
"sea base to sea lane 1",12,True,Infinity,0,Infinity,,0
"sea lane ab",12,True,Infinity,0,Infinity,,0
"sea lane bc",12,False,Infinity,0,Infinity,,0
"sea lane into Pohang",12,False,Infinity,0,Infinity,,0
"northern sea lane",12,False,Infinity,0,Infinity,,0
"sea lane into north of pohang",12,False,Infinity,0,Infinity,,0
"Yeongchon north",12,True,Infinity,693359.2,Infinity,,0
"Yeongchon south",12,True,Infinity,528133.6,Infinity,,0
"55-ab",13,True,Infinity,0,Infinity,,0
"55-bc",13,True,Infinity,0,Infinity,,0
"55-cd",13,True,Infinity,0,Infinity,,0
"55-de",13,True,Infinity,0,Infinity,,0
"55-ef",13,True,Infinity,0,Infinity,,0
"55fg",13,True,Infinity,0,Infinity,,0
"55-gh",13,True,Infinity,0,Infinity,,0
"55-hj",13,True,Infinity,0,Infinity,,0
"55-jk",13,True,Infinity,0,Infinity,,0
"55-kl",13,True,Infinity,0,Infinity,,0
"55-lm",13,True,Infinity,0,Infinity,,0
"55 west of Daegu",13,True,Infinity,0,Infinity,,0
"55 east of Daegu",13,True,Infinity,325000,Infinity,,0
"55-no",13,True,325000,325000,0,1,1
"55-op",13,True,Infinity,325000,Infinity,,0
"55-pq",13,True,Infinity,325000,Infinity,,0
"55-qr",13,True,Infinity,325000,Infinity,,0
"55-rs",13,True,Infinity,93024,Infinity,,0
"55-st",13,True,Infinity,93024,Infinity,,0
"55-tu",13,True,Infinity,93024,Infinity,,0
"55-uv",13,True,Infinity,93024,Infinity,,0
"55 near Gimhae",13,True,Infinity,0,Infinity,,0
"10-a",13,True,Infinity,0,Infinity,,0
"10-b",13,True,Infinity,0,Infinity,,0
"10-c",13,True,Infinity,0,Infinity,,0
"Andong-55",13,True,Infinity,0,Infinity,,0
"35 east of Andong",13,True,Infinity,843420.082181743,Infinity,,0
"35ab",13,True,Infinity,843420.082181743,Infinity,,0
"35bc",13,True,Infinity,843420.082181743,Infinity,,0
"35cd",13,True,Infinity,843420.082181743,Infinity,,0
"55-Gyeongbuk",13,True,Infinity,0,Infinity,,0
"35-Gyeongbuk",13,True,Infinity,0,Infinity,,0
"20 west Pohang",13,True,Infinity,285570,Infinity,,0
"20-bc",13,True,Infinity,285570,Infinity,,0
"20-35",13,True,Infinity,285570,Infinity,,0
"20-daegu",13,True,Infinity,325000,Infinity,,0
"Pohang north",13,True,Infinity,0,Infinity,,0
"Ulsan-1",13,True,Infinity,0,Infinity,,0
"55-1",13,True,Infinity,0,Infinity,,0
"1-ab",13,True,Infinity,0,Infinity,,0
"1-bc",13,True,Infinity,385359.6,Infinity,,0
"1-cd",13,True,Infinity,385359.6,Infinity,,0
"1-de",13,True,Infinity,385359.6,Infinity,,0
"1-ef",13,True,Infinity,93024,Infinity,,0
"Yangsan-55",13,True,Infinity,93024,Infinity,,0
"Pohang Northwest",13,True,Infinity,0,Infinity,,0
"Busan-Yangsan",13,True,Infinity,0,Infinity,,0
"Ulsan-Busan",13,True,Infinity,0,Infinity,,0
"Ulsan-Busan sea",13,True,Infinity,0,Infinity,,0
"Ulsan sea appraoch",13,True,Infinity,0,Infinity,,0
"Sea base",13,True,Infinity,0,Infinity,,0
"sea base to sea lane",13,True,Infinity,0,Infinity,,0
"sea base to sea lane 1",13,True,Infinity,0,Infinity,,0
"sea lane ab",13,True,Infinity,0,Infinity,,0
"sea lane bc",13,False,Infinity,0,Infinity,,0
"sea lane into Pohang",13,False,Infinity,0,Infinity,,0
"northern sea lane",13,False,Infinity,0,Infinity,,0
"sea lane into north of pohang",13,False,Infinity,0,Infinity,,0
"Yeongchon north",13,True,Infinity,550585.2,Infinity,,0
"Yeongchon south",13,True,Infinity,385359.6,Infinity,,0
"55-ab",14,True,Infinity,0,Infinity,,0
"55-bc",14,True,Infinity,0,Infinity,,0
"55-cd",14,True,Infinity,0,Infinity,,0
"55-de",14,True,Infinity,0,Infinity,,0
"55-ef",14,True,Infinity,0,Infinity,,0
"55fg",14,True,Infinity,0,Infinity,,0
"55-gh",14,True,Infinity,0,Infinity,,0
"55-hj",14,True,Infinity,0,Infinity,,0
"55-jk",14,True,Infinity,0,Infinity,,0
"55-kl",14,True,Infinity,0,Infinity,,0
"55-lm",14,True,Infinity,0,Infinity,,0
"55 west of Daegu",14,True,Infinity,0,Infinity,,0
"55 east of Daegu",14,True,Infinity,325000,Infinity,,0
"55-no",14,True,325000,325000,0,1,1
"55-op",14,True,Infinity,325000,Infinity,,0
"55-pq",14,True,Infinity,325000,Infinity,,0
"55-qr",14,True,Infinity,325000,Infinity,,0
"55-rs",14,True,Infinity,325000,Infinity,,0
"55-st",14,True,Infinity,147744,Infinity,,0
"55-tu",14,True,Infinity,147744,Infinity,,0
"55-uv",14,True,Infinity,147744,Infinity,,0
"55 near Gimhae",14,True,Infinity,0,Infinity,,0
"10-a",14,True,Infinity,0,Infinity,,0
"10-b",14,True,Infinity,0,Infinity,,0
"10-c",14,True,Infinity,0,Infinity,,0
"Andong-55",14,True,Infinity,0,Infinity,,0
"35 east of Andong",14,True,Infinity,791891.19915756,Infinity,,0
"35ab",14,True,Infinity,791891.19915756,Infinity,,0
"35bc",14,True,Infinity,791891.19915756,Infinity,,0
"35cd",14,True,Infinity,791891.19915756,Infinity,,0
"55-Gyeongbuk",14,True,Infinity,0,Infinity,,0
"35-Gyeongbuk",14,True,Infinity,0,Infinity,,0
"20 west Pohang",14,True,Infinity,285570,Infinity,,0
"20-bc",14,True,Infinity,285570,Infinity,,0
"20-35",14,True,Infinity,285570,Infinity,,0
"20-daegu",14,True,Infinity,325000,Infinity,,0
"Pohang north",14,True,Infinity,0,Infinity,,0
"Ulsan-1",14,True,Infinity,0,Infinity,,0
"55-1",14,True,Infinity,0,Infinity,,0
"1-ab",14,True,Infinity,0,Infinity,,0
"1-bc",14,True,Infinity,440079.6,Infinity,,0
"1-cd",14,True,Infinity,440079.6,Infinity,,0
"1-de",14,True,Infinity,440079.6,Infinity,,0
"1-ef",14,True,Infinity,147744,Infinity,,0
"Yangsan-55",14,True,Infinity,147744,Infinity,,0
"Pohang Northwest",14,True,Infinity,0,Infinity,,0
"Busan-Yangsan",14,True,Infinity,0,Infinity,,0
"Ulsan-Busan",14,True,Infinity,0,Infinity,,0
"Ulsan-Busan sea",14,True,Infinity,0,Infinity,,0
"Ulsan sea appraoch",14,True,Infinity,0,Infinity,,0
"Sea base",14,True,Infinity,0,Infinity,,0
"sea base to sea lane",14,True,Infinity,0,Infinity,,0
"sea base to sea lane 1",14,True,Infinity,0,Infinity,,0
"sea lane ab",14,True,Infinity,0,Infinity,,0
"sea lane bc",14,False,Infinity,0,Infinity,,0
"sea lane into Pohang",14,False,Infinity,0,Infinity,,0
"northern sea lane",14,False,Infinity,0,Infinity,,0
"sea lane into north of pohang",14,False,Infinity,0,Infinity,,0
"Yeongchon north",14,True,Infinity,605305.2,Infinity,,0
"Yeongchon south",14,True,Infinity,440079.6,Infinity,,0
"55-ab",15,True,Infinity,0,Infinity,,0
"55-bc",15,True,Infinity,0,Infinity,,0
"55-cd",15,True,Infinity,0,Infinity,,0
"55-de",15,True,Infinity,0,Infinity,,0
"55-ef",15,True,Infinity,0,Infinity,,0
"55fg",15,True,Infinity,0,Infinity,,0
"55-gh",15,True,Infinity,0,Infinity,,0
"55-hj",15,True,Infinity,0,Infinity,,0
"55-jk",15,True,Infinity,0,Infinity,,0
"55-kl",15,True,Infinity,0,Infinity,,0
"55-lm",15,True,Infinity,0,Infinity,,0
"55 west of Daegu",15,True,Infinity,0,Infinity,,0
"55 east of Daegu",15,True,Infinity,325000,Infinity,,0
"55-no",15,True,325000,325000,0,1,1
"55-op",15,True,Infinity,325000,Infinity,,0
"55-pq",15,True,Infinity,325000,Infinity,,0
"55-qr",15,True,Infinity,325000,Infinity,,0
"55-rs",15,True,Infinity,325000,Infinity,,0
"55-st",15,True,Infinity,325000,Infinity,,0
"55-tu",15,True,Infinity,111264,Infinity,,0
"55-uv",15,True,Infinity,111264,Infinity,,0
"55 near Gimhae",15,True,Infinity,0,Infinity,,0
"10-a",15,True,Infinity,0,Infinity,,0
"10-b",15,True,Infinity,0,Infinity,,0
"10-c",15,True,Infinity,0,Infinity,,0
"Andong-55",15,True,Infinity,0,Infinity,,0
"35 east of Andong",15,True,Infinity,811545.678157226,Infinity,,0
"35ab",15,True,Infinity,811545.678157226,Infinity,,0
"35bc",15,True,Infinity,811545.678157226,Infinity,,0
"35cd",15,True,Infinity,811545.678157226,Infinity,,0
"55-Gyeongbuk",15,True,Infinity,0,Infinity,,0
"35-Gyeongbuk",15,True,Infinity,0,Infinity,,0
"20 west Pohang",15,True,Infinity,285570,Infinity,,0
"20-bc",15,True,Infinity,285570,Infinity,,0
"20-35",15,True,Infinity,285570,Infinity,,0
"20-daegu",15,True,Infinity,325000,Infinity,,0
"Pohang north",15,True,Infinity,0,Infinity,,0
"Ulsan-1",15,True,Infinity,0,Infinity,,0
"55-1",15,True,Infinity,0,Infinity,,0
"1-ab",15,True,Infinity,0,Infinity,,0
"1-bc",15,True,Infinity,403599.6,Infinity,,0
"1-cd",15,True,Infinity,403599.6,Infinity,,0
"1-de",15,True,Infinity,403599.6,Infinity,,0
"1-ef",15,True,Infinity,111264,Infinity,,0
"Yangsan-55",15,True,Infinity,111264,Infinity,,0
"Pohang Northwest",15,True,Infinity,0,Infinity,,0
"Busan-Yangsan",15,True,Infinity,0,Infinity,,0
"Ulsan-Busan",15,True,Infinity,0,Infinity,,0
"Ulsan-Busan sea",15,True,Infinity,0,Infinity,,0
"Ulsan sea appraoch",15,True,Infinity,0,Infinity,,0
"Sea base",15,True,Infinity,0,Infinity,,0
"sea base to sea lane",15,True,Infinity,0,Infinity,,0
"sea base to sea lane 1",15,True,Infinity,0,Infinity,,0
"sea lane ab",15,True,Infinity,0,Infinity,,0
"sea lane bc",15,False,Infinity,0,Infinity,,0
"sea lane into Pohang",15,False,Infinity,0,Infinity,,0
"northern sea lane",15,False,Infinity,0,Infinity,,0
"sea lane into north of pohang",15,False,Infinity,0,Infinity,,0
"Yeongchon north",15,True,Infinity,568825.2,Infinity,,0
"Yeongchon south",15,True,Infinity,403599.6,Infinity,,0
"55-ab",16,True,Infinity,0,Infinity,,0
"55-bc",16,True,Infinity,0,Infinity,,0
"55-cd",16,True,Infinity,0,Infinity,,0
"55-de",16,True,Infinity,0,Infinity,,0
"55-ef",16,True,Infinity,0,Infinity,,0
"55fg",16,True,Infinity,0,Infinity,,0
"55-gh",16,True,Infinity,0,Infinity,,0
"55-hj",16,True,Infinity,0,Infinity,,0
"55-jk",16,True,Infinity,0,Infinity,,0
"55-kl",16,True,Infinity,0,Infinity,,0
"55-lm",16,True,Infinity,0,Infinity,,0
"55 west of Daegu",16,True,Infinity,0,Infinity,,0
"55 east of Daegu",16,True,Infinity,325000,Infinity,,0
"55-no",16,True,325000,325000,0,1,1
"55-op",16,True,Infinity,325000,Infinity,,0
"55-pq",16,True,Infinity,325000,Infinity,,0
"55-qr",16,True,Infinity,325000,Infinity,,0
"55-rs",16,True,Infinity,325000,Infinity,,0
"55-st",16,True,Infinity,325000,Infinity,,0
"55-tu",16,True,Infinity,325000,Infinity,,0
"55-uv",16,True,Infinity,93024,Infinity,,0
"55 near Gimhae",16,True,Infinity,0,Infinity,,0
"10-a",16,True,Infinity,0,Infinity,,0
"10-b",16,True,Infinity,0,Infinity,,0
"10-c",16,True,Infinity,0,Infinity,,0
"Andong-55",16,True,Infinity,0,Infinity,,0
"35 east of Andong",16,True,Infinity,794645.111589009,Infinity,,0
"35ab",16,True,Infinity,794645.111589009,Infinity,,0
"35bc",16,True,Infinity,794645.111589009,Infinity,,0
"35cd",16,True,Infinity,794645.111589009,Infinity,,0
"55-Gyeongbuk",16,True,Infinity,0,Infinity,,0
"35-Gyeongbuk",16,True,Infinity,0,Infinity,,0
"20 west Pohang",16,True,Infinity,12480.0406388177,Infinity,,0
"20-bc",16,True,Infinity,12480.0406388177,Infinity,,0
"20-35",16,True,Infinity,12480.0406388177,Infinity,,0
"20-daegu",16,True,Infinity,325000,Infinity,,0
"Pohang north",16,True,Infinity,0,Infinity,,0
"Ulsan-1",16,True,Infinity,0,Infinity,,0
"55-1",16,True,Infinity,0,Infinity,,0
"1-ab",16,True,Infinity,0,Infinity,,0
"1-bc",16,True,Infinity,325213.6,Infinity,,0
"1-cd",16,True,Infinity,325213.6,Infinity,,0
"1-de",16,True,Infinity,325213.6,Infinity,,0
"1-ef",16,True,Infinity,325213.6,Infinity,,0
"Yangsan-55",16,True,Infinity,93024,Infinity,,0
"Pohang Northwest",16,True,Infinity,0,Infinity,,0
"Busan-Yangsan",16,True,Infinity,0,Infinity,,0
"Ulsan-Busan",16,True,Infinity,0,Infinity,,0
"Ulsan-Busan sea",16,True,Infinity,0,Infinity,,0
"Ulsan sea appraoch",16,True,Infinity,0,Infinity,,0
"Sea base",16,True,Infinity,0,Infinity,,0
"sea base to sea lane",16,True,Infinity,0,Infinity,,0
"sea base to sea lane 1",16,True,Infinity,0,Infinity,,0
"sea lane ab",16,True,Infinity,0,Infinity,,0
"sea lane bc",16,False,Infinity,0,Infinity,,0
"sea lane into Pohang",16,False,Infinity,0,Infinity,,0
"northern sea lane",16,False,Infinity,0,Infinity,,0
"sea lane into north of pohang",16,False,Infinity,0,Infinity,,0
"Yeongchon north",16,True,Infinity,337693.640638818,Infinity,,0
"Yeongchon south",16,True,Infinity,325213.6,Infinity,,0
"55-ab",17,True,Infinity,0,Infinity,,0
"55-bc",17,True,Infinity,0,Infinity,,0
"55-cd",17,True,Infinity,0,Infinity,,0
"55-de",17,True,Infinity,0,Infinity,,0
"55-ef",17,True,Infinity,0,Infinity,,0
"55fg",17,True,Infinity,0,Infinity,,0
"55-gh",17,True,Infinity,0,Infinity,,0
"55-hj",17,True,Infinity,0,Infinity,,0
"55-jk",17,True,Infinity,0,Infinity,,0
"55-kl",17,True,Infinity,0,Infinity,,0
"55-lm",17,True,Infinity,0,Infinity,,0
"55 west of Daegu",17,True,Infinity,0,Infinity,,0
"55 east of Daegu",17,True,Infinity,325000,Infinity,,0
"55-no",17,True,325000,325000,0,1,1
"55-op",17,True,Infinity,325000,Infinity,,0
"55-pq",17,True,Infinity,325000,Infinity,,0
"55-qr",17,True,Infinity,785822.330182838,Infinity,,0
"55-rs",17,True,Infinity,785822.330182838,Infinity,,0
"55-st",17,True,Infinity,785822.330182838,Infinity,,0
"55-tu",17,True,Infinity,785822.330182838,Infinity,,0
"55-uv",17,True,Infinity,785822.330182838,Infinity,,0
"55 near Gimhae",17,True,Infinity,0,Infinity,,0
"10-a",17,True,Infinity,0,Infinity,,0
"10-b",17,True,Infinity,0,Infinity,,0
"10-c",17,True,Infinity,0,Infinity,,0
"Andong-55",17,True,Infinity,0,Infinity,,0
"35 east of Andong",17,True,Infinity,784602.525405779,Infinity,,0
"35ab",17,True,Infinity,784602.525405779,Infinity,,0
"35bc",17,True,Infinity,784602.525405779,Infinity,,0
"35cd",17,True,Infinity,784602.525405779,Infinity,,0
"55-Gyeongbuk",17,True,Infinity,0,Infinity,,0
"35-Gyeongbuk",17,True,Infinity,0,Infinity,,0
"20 west Pohang",17,True,Infinity,0,Infinity,,0
"20-bc",17,True,Infinity,0,Infinity,,0
"20-35",17,True,Infinity,0,Infinity,,0
"20-daegu",17,True,Infinity,325000,Infinity,,0
"Pohang north",17,True,Infinity,0,Infinity,,0
"Ulsan-1",17,True,Infinity,0,Infinity,,0
"55-1",17,True,Infinity,0,Infinity,,0
"1-ab",17,True,Infinity,0,Infinity,,0
"1-bc",17,True,Infinity,403400,Infinity,,0
"1-cd",17,True,Infinity,403400,Infinity,,0
"1-de",17,True,Infinity,403400,Infinity,,0
"1-ef",17,True,Infinity,403400,Infinity,,0
"Yangsan-55",17,True,Infinity,403400,Infinity,,0
"Pohang Northwest",17,True,Infinity,0,Infinity,,0
"Busan-Yangsan",17,True,Infinity,0,Infinity,,0
"Ulsan-Busan",17,True,Infinity,0,Infinity,,0
"Ulsan-Busan sea",17,True,Infinity,0,Infinity,,0
"Ulsan sea appraoch",17,True,Infinity,0,Infinity,,0
"Sea base",17,True,Infinity,0,Infinity,,0
"sea base to sea lane",17,True,Infinity,0,Infinity,,0
"sea base to sea lane 1",17,True,Infinity,0,Infinity,,0
"sea lane ab",17,True,Infinity,0,Infinity,,0
"sea lane bc",17,False,Infinity,0,Infinity,,0
"sea lane into Pohang",17,False,Infinity,0,Infinity,,0
"northern sea lane",17,False,Infinity,0,Infinity,,0
"sea lane into north of pohang",17,False,Infinity,0,Infinity,,0
"Yeongchon north",17,True,Infinity,403400,Infinity,,0
"Yeongchon south",17,True,Infinity,403400,Infinity,,0
"55-ab",18,True,Infinity,0,Infinity,,0
"55-bc",18,True,Infinity,0,Infinity,,0
"55-cd",18,True,Infinity,0,Infinity,,0
"55-de",18,True,Infinity,0,Infinity,,0
"55-ef",18,True,Infinity,0,Infinity,,0
"55fg",18,True,Infinity,0,Infinity,,0
"55-gh",18,True,Infinity,0,Infinity,,0
"55-hj",18,True,Infinity,0,Infinity,,0
"55-jk",18,True,Infinity,0,Infinity,,0
"55-kl",18,True,Infinity,0,Infinity,,0
"55-lm",18,True,Infinity,0,Infinity,,0
"55 west of Daegu",18,True,Infinity,0,Infinity,,0
"55 east of Daegu",18,True,Infinity,325000,Infinity,,0
"55-no",18,True,325000,325000,0,1,1
"55-op",18,True,Infinity,325000,Infinity,,0
"55-pq",18,True,Infinity,325000,Infinity,,0
"55-qr",18,True,Infinity,697050.482487315,Infinity,,0
"55-rs",18,True,Infinity,697050.482487315,Infinity,,0
"55-st",18,True,Infinity,697050.482487315,Infinity,,0
"55-tu",18,True,Infinity,697050.482487315,Infinity,,0
"55-uv",18,True,Infinity,697050.482487315,Infinity,,0
"55 near Gimhae",18,True,Infinity,688601.669817162,Infinity,,0
"10-a",18,True,Infinity,0,Infinity,,0
"10-b",18,True,Infinity,0,Infinity,,0
"10-c",18,True,Infinity,0,Infinity,,0
"Andong-55",18,True,Infinity,0,Infinity,,0
"35 east of Andong",18,True,Infinity,825682.229837584,Infinity,,0
"35ab",18,True,Infinity,825682.229837584,Infinity,,0
"35bc",18,True,Infinity,825682.229837584,Infinity,,0
"35cd",18,True,Infinity,825682.229837584,Infinity,,0
"55-Gyeongbuk",18,True,Infinity,0,Infinity,,0
"35-Gyeongbuk",18,True,Infinity,0,Infinity,,0
"20 west Pohang",18,True,Infinity,0,Infinity,,0
"20-bc",18,True,Infinity,0,Infinity,,0
"20-35",18,True,Infinity,0,Infinity,,0
"20-daegu",18,True,Infinity,325000,Infinity,,0
"Pohang north",18,True,Infinity,0,Infinity,,0
"Ulsan-1",18,True,Infinity,0,Infinity,,0
"55-1",18,True,Infinity,0,Infinity,,0
"1-ab",18,True,Infinity,0,Infinity,,0
"1-bc",18,True,Infinity,436730.387329848,Infinity,,0
"1-cd",18,True,Infinity,436730.387329848,Infinity,,0
"1-de",18,True,Infinity,436730.387329848,Infinity,,0
"1-ef",18,True,Infinity,436730.387329848,Infinity,,0
"Yangsan-55",18,True,Infinity,336736.812670153,Infinity,,0
"Pohang Northwest",18,True,Infinity,0,Infinity,,0
"Busan-Yangsan",18,True,Infinity,0,Infinity,,0
"Ulsan-Busan",18,True,Infinity,0,Infinity,,0
"Ulsan-Busan sea",18,True,Infinity,0,Infinity,,0
"Ulsan sea appraoch",18,True,Infinity,0,Infinity,,0
"Sea base",18,True,Infinity,0,Infinity,,0
"sea base to sea lane",18,True,Infinity,0,Infinity,,0
"sea base to sea lane 1",18,True,Infinity,0,Infinity,,0
"sea lane ab",18,True,Infinity,0,Infinity,,0
"sea lane bc",18,False,Infinity,0,Infinity,,0
"sea lane into Pohang",18,False,Infinity,0,Infinity,,0
"northern sea lane",18,False,Infinity,0,Infinity,,0
"sea lane into north of pohang",18,False,Infinity,0,Infinity,,0
"Yeongchon north",18,True,Infinity,436730.387329848,Infinity,,0
"Yeongchon south",18,True,Infinity,436730.387329848,Infinity,,0
"55-ab",19,True,Infinity,0,Infinity,,0
"55-bc",19,True,Infinity,0,Infinity,,0
"55-cd",19,True,Infinity,0,Infinity,,0
"55-de",19,True,Infinity,0,Infinity,,0
"55-ef",19,True,Infinity,0,Infinity,,0
"55fg",19,True,Infinity,0,Infinity,,0
"55-gh",19,True,Infinity,0,Infinity,,0
"55-hj",19,True,Infinity,0,Infinity,,0
"55-jk",19,True,Infinity,0,Infinity,,0
"55-kl",19,True,Infinity,0,Infinity,,0
"55-lm",19,True,Infinity,0,Infinity,,0
"55 west of Daegu",19,True,Infinity,0,Infinity,,0
"55 east of Daegu",19,True,Infinity,325000,Infinity,,0
"55-no",19,True,325000,325000,0,1,1
"55-op",19,True,Infinity,325000,Infinity,,0
"55-pq",19,True,Infinity,325000,Infinity,,0
"55-qr",19,True,Infinity,408758.197831789,Infinity,,0
"55-rs",19,True,Infinity,408758.197831789,Infinity,,0
"55-st",19,True,Infinity,408758.197831789,Infinity,,0
"55-tu",19,True,Infinity,408758.197831789,Infinity,,0
"55-uv",19,True,Infinity,408758.197831789,Infinity,,0
"55 near Gimhae",19,True,Infinity,532168,Infinity,,0
"10-a",19,True,Infinity,0,Infinity,,0
"10-b",19,True,Infinity,0,Infinity,,0
"10-c",19,True,Infinity,0,Infinity,,0
"Andong-55",19,True,Infinity,0,Infinity,,0
"35 east of Andong",19,True,Infinity,806381.835302705,Infinity,,0
"35ab",19,True,Infinity,806381.835302705,Infinity,,0
"35bc",19,True,Infinity,806381.835302705,Infinity,,0
"35cd",19,True,Infinity,806381.835302705,Infinity,,0
"55-Gyeongbuk",19,True,Infinity,0,Infinity,,0
"35-Gyeongbuk",19,True,Infinity,0,Infinity,,0
"20 west Pohang",19,True,Infinity,0,Infinity,,0
"20-bc",19,True,Infinity,0,Infinity,,0
"20-35",19,True,Infinity,0,Infinity,,0
"20-daegu",19,True,Infinity,325000,Infinity,,0
"Pohang north",19,True,Infinity,0,Infinity,,0
"Ulsan-1",19,True,Infinity,0,Infinity,,0
"55-1",19,True,Infinity,0,Infinity,,0
"1-ab",19,True,Infinity,0,Infinity,,0
"1-bc",19,True,Infinity,401199.402168211,Infinity,,0
"1-cd",19,True,Infinity,401199.402168211,Infinity,,0
"1-de",19,True,Infinity,401199.402168211,Infinity,,0
"1-ef",19,True,Infinity,401199.402168211,Infinity,,0
"Yangsan-55",19,True,Infinity,123409.802168211,Infinity,,0
"Pohang Northwest",19,True,Infinity,0,Infinity,,0
"Busan-Yangsan",19,True,Infinity,277789.6,Infinity,,0
"Ulsan-Busan",19,True,Infinity,0,Infinity,,0
"Ulsan-Busan sea",19,True,Infinity,0,Infinity,,0
"Ulsan sea appraoch",19,True,Infinity,0,Infinity,,0
"Sea base",19,True,Infinity,0,Infinity,,0
"sea base to sea lane",19,True,Infinity,0,Infinity,,0
"sea base to sea lane 1",19,True,Infinity,0,Infinity,,0
"sea lane ab",19,True,Infinity,0,Infinity,,0
"sea lane bc",19,False,Infinity,0,Infinity,,0
"sea lane into Pohang",19,False,Infinity,0,Infinity,,0
"northern sea lane",19,False,Infinity,0,Infinity,,0
"sea lane into north of pohang",19,False,Infinity,0,Infinity,,0
"Yeongchon north",19,True,Infinity,401199.402168211,Infinity,,0
"Yeongchon south",19,True,Infinity,401199.402168211,Infinity,,0
