TransportDeliveryID,ArcID
-370,"35 east of Andong"
-371,"Andong-55"
-371,"55-ab"
-372,"Andong-55"
-372,"55-ab"
-373,"Andong-55"
-373,"55-bc"
-374,"35 east of Andong"
-375,"Andong-55"
-375,"55-ab"
-376,"Andong-55"
-376,"55-bc"
-377,"35 east of Andong"
-378,"35 east of Andong"
-379,"Andong-55"
-379,"55-ab"
-380,"Andong-55"
-380,"55-bc"
-381,"Andong-55"
-381,"55-bc"
-382,"Andong-55"
-382,"55-bc"
-383,"Andong-55"
-383,"55-bc"
-383,"55-cd"
-384,"35 east of Andong"
-384,"35ab"
-385,"35 east of Andong"
-386,"Andong-55"
-386,"55-bc"
-387,"Andong-55"
-387,"55-bc"
-387,"55-cd"
-388,"35 east of Andong"
-388,"35ab"
-389,"Andong-55"
-389,"55-bc"
-390,"Andong-55"
-390,"55-bc"
-390,"55-cd"
-391,"35 east of Andong"
-391,"35ab"
-392,"35 east of Andong"
-393,"35 east of Andong"
-394,"Andong-55"
-394,"55-bc"
-394,"55-cd"
-394,"55-de"
-395,"Andong-55"
-395,"55-bc"
-395,"55-cd"
-395,"55-de"
-396,"Andong-55"
-396,"55-bc"
-396,"55-cd"
-396,"55-de"
-397,"35 east of Andong"
-397,"35ab"
-398,"35 east of Andong"
-398,"35ab"
-399,"Andong-55"
-399,"55-bc"
-399,"55-cd"
-399,"55-de"
-400,"Andong-55"
-400,"55-bc"
-400,"55-cd"
-400,"55-de"
-401,"35 east of Andong"
-401,"35ab"
-402,"Andong-55"
-402,"55-bc"
-402,"55-cd"
-402,"55-de"
-403,"Andong-55"
-403,"55-bc"
-403,"55-cd"
-403,"55-de"
-404,"35 east of Andong"
-404,"35ab"
-405,"35 east of Andong"
-405,"35ab"
-406,"35 east of Andong"
-406,"35ab"
-407,"Andong-55"
-407,"55-bc"
-407,"55-cd"
-407,"55-de"
-407,"55-ef"
-407,"55fg"
-408,"Andong-55"
-408,"55-bc"
-408,"55-cd"
-408,"55-de"
-408,"55-ef"
-408,"55fg"
-409,"Andong-55"
-409,"55-bc"
-409,"55-cd"
-409,"55-de"
-409,"55-ef"
-409,"55fg"
-410,"35 east of Andong"
-410,"35ab"
-410,"35bc"
-413,"35 east of Andong"
-413,"35ab"
-413,"35bc"
-414,"Andong-55"
-414,"55-bc"
-414,"55-cd"
-414,"55-de"
-414,"55-ef"
-414,"55fg"
-415,"Andong-55"
-415,"55-bc"
-415,"55-cd"
-415,"55-de"
-415,"55-ef"
-415,"55fg"
-416,"35 east of Andong"
-416,"35ab"
-416,"35bc"
-417,"Andong-55"
-417,"55-bc"
-417,"55-cd"
-417,"55-de"
-417,"55-ef"
-417,"55fg"
-419,"35 east of Andong"
-419,"35ab"
-419,"35bc"
-420,"35 east of Andong"
-420,"35ab"
-420,"35bc"
-421,"Andong-55"
-421,"55-bc"
-421,"55-cd"
-421,"55-de"
-421,"55-ef"
-421,"55fg"
-422,"35 east of Andong"
-422,"35ab"
-422,"35bc"
-424,"Andong-55"
-424,"55-bc"
-424,"55-cd"
-424,"55-de"
-424,"55-ef"
-424,"55fg"
-425,"Andong-55"
-425,"55-bc"
-425,"55-cd"
-425,"55-de"
-425,"55-ef"
-425,"55fg"
-426,"Andong-55"
-426,"55-bc"
-426,"55-cd"
-426,"55-de"
-426,"55-ef"
-426,"55fg"
-427,"35 east of Andong"
-427,"35ab"
-427,"35bc"
-430,"35 east of Andong"
-430,"35ab"
-430,"35bc"
-431,"Andong-55"
-431,"55-bc"
-431,"55-cd"
-431,"55-de"
-431,"55-ef"
-431,"55fg"
-432,"Andong-55"
-432,"55-bc"
-432,"55-cd"
-432,"55-de"
-432,"55-ef"
-432,"55fg"
-433,"35 east of Andong"
-433,"35ab"
-433,"35bc"
-434,"Andong-55"
-434,"55-bc"
-434,"55-cd"
-434,"55-de"
-434,"55-ef"
-434,"55fg"
-437,"35 east of Andong"
-437,"35ab"
-437,"35bc"
-438,"Andong-55"
-438,"55-bc"
-438,"55-cd"
-438,"55-de"
-438,"55-ef"
-438,"55fg"
-439,"35 east of Andong"
-439,"35ab"
-439,"35bc"
-441,"35 east of Andong"
-441,"35ab"
-441,"35bc"
-443,"Andong-55"
-443,"55-bc"
-443,"55-cd"
-443,"55-de"
-443,"55-ef"
-443,"55fg"
-443,"55-gh"
-443,"55-hj"
-444,"Andong-55"
-444,"55-bc"
-444,"55-cd"
-444,"55-de"
-444,"55-ef"
-444,"55fg"
-444,"55-gh"
-444,"55-hj"
-445,"Andong-55"
-445,"55-bc"
-445,"55-cd"
-445,"55-de"
-445,"55-ef"
-445,"55fg"
-445,"55-gh"
-445,"55-hj"
-446,"35 east of Andong"
-446,"35ab"
-446,"35bc"
-449,"35 east of Andong"
-449,"35ab"
-449,"35bc"
-450,"Andong-55"
-450,"55-bc"
-450,"55-cd"
-450,"55-de"
-450,"55-ef"
-450,"55fg"
-450,"55-gh"
-450,"55-hj"
-451,"Andong-55"
-451,"55-bc"
-451,"55-cd"
-451,"55-de"
-451,"55-ef"
-451,"55fg"
-451,"55-gh"
-451,"55-hj"
-452,"35 east of Andong"
-452,"35ab"
-452,"35bc"
-453,"Andong-55"
-453,"55-bc"
-453,"55-cd"
-453,"55-de"
-453,"55-ef"
-453,"55fg"
-453,"55-gh"
-453,"55-hj"
-454,"35 east of Andong"
-454,"35ab"
-454,"35bc"
-455,"Andong-55"
-455,"55-bc"
-455,"55-cd"
-455,"55-de"
-455,"55-ef"
-455,"55fg"
-455,"55-gh"
-455,"55-hj"
-456,"35 east of Andong"
-456,"35ab"
-456,"35bc"
-457,"35 east of Andong"
-457,"35ab"
-457,"35bc"
-459,"Andong-55"
-459,"55-bc"
-459,"55-cd"
-459,"55-de"
-459,"55-ef"
-459,"55fg"
-459,"55-gh"
-459,"55-hj"
-460,"Andong-55"
-460,"55-bc"
-460,"55-cd"
-460,"55-de"
-460,"55-ef"
-460,"55fg"
-460,"55-gh"
-460,"55-hj"
-461,"Andong-55"
-461,"55-bc"
-461,"55-cd"
-461,"55-de"
-461,"55-ef"
-461,"55fg"
-461,"55-gh"
-461,"55-hj"
-462,"35 east of Andong"
-462,"35ab"
-462,"35bc"
-462,"35cd"
-463,"20 west Pohang"
-463,"20-bc"
-464,"20 west Pohang"
-464,"20-bc"
-465,"35 east of Andong"
-465,"35ab"
-465,"35bc"
-465,"35cd"
-466,"Andong-55"
-466,"55-bc"
-466,"55-cd"
-466,"55-de"
-466,"55-ef"
-466,"55fg"
-466,"55-gh"
-466,"55-hj"
-467,"Andong-55"
-467,"55-bc"
-467,"55-cd"
-467,"55-de"
-467,"55-ef"
-467,"55fg"
-467,"55-gh"
-467,"55-hj"
-468,"35 east of Andong"
-468,"35ab"
-468,"35bc"
-468,"35cd"
-469,"Andong-55"
-469,"55-bc"
-469,"55-cd"
-469,"55-de"
-469,"55-ef"
-469,"55fg"
-469,"55-gh"
-469,"55-hj"
-470,"20 west Pohang"
-470,"20-bc"
-471,"20 west Pohang"
-471,"20-bc"
-472,"35 east of Andong"
-472,"35ab"
-472,"35bc"
-472,"35cd"
-473,"Andong-55"
-473,"55-bc"
-473,"55-cd"
-473,"55-de"
-473,"55-ef"
-473,"55fg"
-473,"55-gh"
-473,"55-hj"
-475,"20 west Pohang"
-475,"20-bc"
-477,"20 west Pohang"
-477,"20-bc"
-481,"Andong-55"
-481,"55-bc"
-481,"55-cd"
-481,"55-de"
-481,"55-ef"
-481,"55fg"
-481,"55-gh"
-481,"55-hj"
-481,"55-jk"
-482,"Andong-55"
-482,"55-bc"
-482,"55-cd"
-482,"55-de"
-482,"55-ef"
-482,"55fg"
-482,"55-gh"
-482,"55-hj"
-482,"55-jk"
-482,"55-kl"
-483,"Andong-55"
-483,"55-bc"
-483,"55-cd"
-483,"55-de"
-483,"55-ef"
-483,"55fg"
-483,"55-gh"
-483,"55-hj"
-483,"55-jk"
-483,"55-kl"
-484,"35 east of Andong"
-484,"35ab"
-484,"35bc"
-484,"35cd"
-485,"20 west Pohang"
-485,"20-bc"
-485,"20-35"
-486,"20 west Pohang"
-486,"20-bc"
-486,"20-35"
-486,"Yeongchon north"
-487,"35 east of Andong"
-487,"35ab"
-487,"35bc"
-487,"35cd"
-488,"Andong-55"
-488,"55-bc"
-488,"55-cd"
-488,"55-de"
-488,"55-ef"
-488,"55fg"
-488,"55-gh"
-488,"55-hj"
-488,"55-jk"
-489,"Andong-55"
-489,"55-bc"
-489,"55-cd"
-489,"55-de"
-489,"55-ef"
-489,"55fg"
-489,"55-gh"
-489,"55-hj"
-489,"55-jk"
-489,"55-kl"
-490,"35 east of Andong"
-490,"35ab"
-490,"35bc"
-490,"35cd"
-491,"Andong-55"
-491,"55-bc"
-491,"55-cd"
-491,"55-de"
-491,"55-ef"
-491,"55fg"
-491,"55-gh"
-491,"55-hj"
-491,"55-jk"
-492,"20 west Pohang"
-492,"20-bc"
-492,"20-35"
-493,"20 west Pohang"
-493,"20-bc"
-493,"20-35"
-493,"Yeongchon north"
-494,"35 east of Andong"
-494,"35ab"
-494,"35bc"
-494,"35cd"
-497,"20 west Pohang"
-497,"20-bc"
-497,"20-35"
-497,"Yeongchon north"
-498,"20 west Pohang"
-498,"20-bc"
-498,"20-35"
-499,"20 west Pohang"
-499,"20-bc"
-499,"20-35"
-502,"Andong-55"
-502,"55-bc"
-502,"55-cd"
-502,"55-de"
-502,"55-ef"
-502,"55fg"
-502,"55-gh"
-502,"55-hj"
-502,"55-jk"
-502,"55-kl"
-503,"Andong-55"
-503,"55-bc"
-503,"55-cd"
-503,"55-de"
-503,"55-ef"
-503,"55fg"
-503,"55-gh"
-503,"55-hj"
-503,"55-jk"
-503,"55-kl"
-503,"55-lm"
-504,"Andong-55"
-504,"55-bc"
-504,"55-cd"
-504,"55-de"
-504,"55-ef"
-504,"55fg"
-504,"55-gh"
-504,"55-hj"
-504,"55-jk"
-504,"55-kl"
-504,"55-lm"
-505,"35 east of Andong"
-505,"35ab"
-505,"35bc"
-505,"35cd"
-505,"Yeongchon north"
-506,"20 west Pohang"
-506,"20-bc"
-506,"20-35"
-507,"20 west Pohang"
-507,"20-bc"
-507,"20-35"
-507,"Yeongchon north"
-508,"35 east of Andong"
-508,"35ab"
-508,"35bc"
-508,"35cd"
-509,"Andong-55"
-509,"55-bc"
-509,"55-cd"
-509,"55-de"
-509,"55-ef"
-509,"55fg"
-509,"55-gh"
-509,"55-hj"
-509,"55-jk"
-509,"55-kl"
-510,"Andong-55"
-510,"55-bc"
-510,"55-cd"
-510,"55-de"
-510,"55-ef"
-510,"55fg"
-510,"55-gh"
-510,"55-hj"
-510,"55-jk"
-510,"55-kl"
-510,"55-lm"
-511,"35 east of Andong"
-511,"35ab"
-511,"35bc"
-511,"35cd"
-511,"Yeongchon north"
-512,"Andong-55"
-512,"55-bc"
-512,"55-cd"
-512,"55-de"
-512,"55-ef"
-512,"55fg"
-512,"55-gh"
-512,"55-hj"
-512,"55-jk"
-512,"55-kl"
-513,"20 west Pohang"
-513,"20-bc"
-513,"20-35"
-514,"20 west Pohang"
-514,"20-bc"
-514,"20-35"
-514,"Yeongchon north"
-515,"35 east of Andong"
-515,"35ab"
-515,"35bc"
-515,"35cd"
-515,"Yeongchon north"
-517,"35 east of Andong"
-517,"35ab"
-517,"35bc"
-517,"35cd"
-518,"20 west Pohang"
-518,"20-bc"
-518,"20-35"
-518,"Yeongchon north"
-519,"20 west Pohang"
-519,"20-bc"
-519,"20-35"
-522,"20-daegu"
-522,"55 east of Daegu"
-523,"20-daegu"
-523,"55 east of Daegu"
-524,"20-daegu"
-524,"55 east of Daegu"
-525,"Yeongchon north"
-525,"Yeongchon south"
-525,"1-bc"
-526,"20 west Pohang"
-526,"20-bc"
-526,"20-35"
-526,"Yeongchon north"
-526,"Yeongchon south"
-526,"1-ab"
-527,"20 west Pohang"
-527,"20-bc"
-527,"20-35"
-528,"Yeongchon north"
-528,"Yeongchon south"
-529,"20-daegu"
-529,"55 east of Daegu"
-530,"20-daegu"
-530,"55 east of Daegu"
-531,"Yeongchon north"
-531,"Yeongchon south"
-531,"1-bc"
-532,"20 west Pohang"
-532,"20-bc"
-532,"20-35"
-533,"20 west Pohang"
-533,"20-bc"
-533,"20-35"
-533,"Yeongchon north"
-533,"Yeongchon south"
-533,"1-ab"
-534,"20-daegu"
-534,"55 east of Daegu"
-535,"Yeongchon north"
-535,"Yeongchon south"
-535,"1-bc"
-536,"Andong-55"
-536,"55-bc"
-536,"55-cd"
-536,"55-de"
-536,"55-ef"
-536,"55fg"
-536,"55-gh"
-536,"55-hj"
-536,"55-jk"
-536,"55-kl"
-536,"55-lm"
-536,"55 west of Daegu"
-536,"55 east of Daegu"
-537,"Andong-55"
-537,"55-bc"
-537,"55-cd"
-537,"55-de"
-537,"55-ef"
-537,"55fg"
-537,"55-gh"
-537,"55-hj"
-537,"55-jk"
-537,"55-kl"
-537,"55-lm"
-537,"55 west of Daegu"
-537,"55 east of Daegu"
-538,"Yeongchon north"
-538,"Yeongchon south"
-539,"20 west Pohang"
-539,"20-bc"
-539,"20-35"
-539,"Yeongchon north"
-539,"Yeongchon south"
-539,"1-ab"
-540,"20 west Pohang"
-540,"20-bc"
-540,"20-35"
-540,"Yeongchon north"
-540,"Yeongchon south"
-540,"1-ab"
-541,"Yeongchon north"
-541,"Yeongchon south"
-542,"20 west Pohang"
-542,"20-bc"
-542,"20-35"
-543,"35 east of Andong"
-543,"35ab"
-543,"35bc"
-543,"35cd"
-545,"35 east of Andong"
-545,"35ab"
-545,"35bc"
-545,"35cd"
-549,"20-daegu"
-549,"55 east of Daegu"
-549,"55-no"
-550,"20-daegu"
-550,"55 east of Daegu"
-550,"55-no"
-552,"Yeongchon north"
-552,"Yeongchon south"
-552,"1-bc"
-553,"20 west Pohang"
-553,"20-bc"
-553,"20-35"
-553,"Yeongchon north"
-554,"20 west Pohang"
-554,"20-bc"
-554,"20-35"
-555,"Yeongchon north"
-555,"Yeongchon south"
-555,"1-bc"
-556,"20 west Pohang"
-556,"20-bc"
-556,"20-35"
-557,"20 west Pohang"
-557,"20-bc"
-557,"20-35"
-557,"Yeongchon north"
-559,"20 west Pohang"
-559,"20-bc"
-559,"20-35"
-559,"Yeongchon north"
-560,"20 west Pohang"
-560,"20-bc"
-560,"20-35"
-561,"35 east of Andong"
-561,"35ab"
-561,"35bc"
-561,"35cd"
-562,"35 east of Andong"
-562,"35ab"
-562,"35bc"
-562,"35cd"
-564,"35 east of Andong"
-564,"35ab"
-564,"35bc"
-564,"35cd"
-567,"20-daegu"
-567,"55 east of Daegu"
-567,"55-no"
-567,"55-op"
-568,"20-daegu"
-568,"55 east of Daegu"
-568,"55-no"
-568,"55-op"
-569,"20-daegu"
-569,"55 east of Daegu"
-569,"55-no"
-569,"55-op"
-571,"Yeongchon north"
-571,"Yeongchon south"
-571,"1-bc"
-571,"1-cd"
-572,"20 west Pohang"
-572,"20-bc"
-572,"20-35"
-572,"Yeongchon north"
-573,"20 west Pohang"
-573,"20-bc"
-573,"20-35"
-574,"Yeongchon north"
-574,"Yeongchon south"
-574,"1-bc"
-574,"1-cd"
-575,"Yeongchon north"
-575,"Yeongchon south"
-575,"1-bc"
-575,"1-cd"
-575,"1-de"
-575,"1-ef"
-575,"Yangsan-55"
-575,"55-uv"
-575,"55-tu"
-575,"55-st"
-575,"55-rs"
-575,"55-qr"
-575,"55-pq"
-576,"Yeongchon north"
-576,"Yeongchon south"
-576,"1-bc"
-576,"1-cd"
-576,"1-de"
-576,"1-ef"
-576,"Yangsan-55"
-576,"55-uv"
-576,"55-tu"
-576,"55-st"
-576,"55-rs"
-576,"55-qr"
-576,"55-pq"
-577,"Yeongchon north"
-577,"Yeongchon south"
-577,"1-bc"
-577,"1-cd"
-579,"20 west Pohang"
-579,"20-bc"
-579,"20-35"
-580,"20 west Pohang"
-580,"20-bc"
-580,"20-35"
-580,"Yeongchon north"
-582,"20 west Pohang"
-582,"20-bc"
-582,"20-35"
-582,"Yeongchon north"
-583,"20 west Pohang"
-583,"20-bc"
-583,"20-35"
-585,"35 east of Andong"
-585,"35ab"
-585,"35bc"
-585,"35cd"
-586,"35 east of Andong"
-586,"35ab"
-586,"35bc"
-586,"35cd"
-588,"35 east of Andong"
-588,"35ab"
-588,"35bc"
-588,"35cd"
-590,"35 east of Andong"
-590,"35ab"
-590,"35bc"
-590,"35cd"
-592,"20-daegu"
-592,"55 east of Daegu"
-592,"55-no"
-592,"55-op"
-592,"55-pq"
-593,"20-daegu"
-593,"55 east of Daegu"
-593,"55-no"
-593,"55-op"
-593,"55-pq"
-593,"55-qr"
-594,"20-daegu"
-594,"55 east of Daegu"
-594,"55-no"
-594,"55-op"
-594,"55-pq"
-594,"55-qr"
-596,"Yeongchon north"
-596,"Yeongchon south"
-596,"1-bc"
-596,"1-cd"
-597,"20 west Pohang"
-597,"20-bc"
-597,"20-35"
-597,"Yeongchon north"
-598,"20 west Pohang"
-598,"20-bc"
-598,"20-35"
-599,"Yeongchon north"
-599,"Yeongchon south"
-599,"1-bc"
-599,"1-cd"
-600,"Yeongchon north"
-600,"Yeongchon south"
-600,"1-bc"
-600,"1-cd"
-600,"1-de"
-600,"1-ef"
-600,"Yangsan-55"
-600,"55-uv"
-600,"55-tu"
-600,"55-st"
-600,"55-rs"
-600,"55-qr"
-601,"Yeongchon north"
-601,"Yeongchon south"
-601,"1-bc"
-601,"1-cd"
-601,"1-de"
-601,"1-ef"
-601,"Yangsan-55"
-601,"55-uv"
-601,"55-tu"
-601,"55-st"
-601,"55-rs"
-602,"Yeongchon north"
-602,"Yeongchon south"
-602,"1-bc"
-602,"1-cd"
-603,"20 west Pohang"
-603,"20-bc"
-603,"20-35"
-604,"20 west Pohang"
-604,"20-bc"
-604,"20-35"
-604,"Yeongchon north"
-605,"Yeongchon north"
-605,"Yeongchon south"
-605,"1-bc"
-605,"1-cd"
-605,"1-de"
-605,"1-ef"
-605,"Yangsan-55"
-605,"55-uv"
-605,"55-tu"
-605,"55-st"
-605,"55-rs"
-605,"55-qr"
-606,"Yeongchon north"
-606,"Yeongchon south"
-606,"1-bc"
-606,"1-cd"
-608,"20 west Pohang"
-608,"20-bc"
-608,"20-35"
-608,"Yeongchon north"
-609,"20 west Pohang"
-609,"20-bc"
-609,"20-35"
-611,"35 east of Andong"
-611,"35ab"
-611,"35bc"
-611,"35cd"
-612,"35 east of Andong"
-612,"35ab"
-612,"35bc"
-612,"35cd"
-615,"35 east of Andong"
-615,"35ab"
-615,"35bc"
-615,"35cd"
-617,"20-daegu"
-617,"55 east of Daegu"
-617,"55-no"
-617,"55-op"
-617,"55-pq"
-617,"55-qr"
-618,"20-daegu"
-618,"55 east of Daegu"
-618,"55-no"
-618,"55-op"
-618,"55-pq"
-618,"55-qr"
-619,"20-daegu"
-619,"55 east of Daegu"
-619,"55-no"
-619,"55-op"
-619,"55-pq"
-619,"55-qr"
-621,"Yeongchon north"
-621,"Yeongchon south"
-621,"1-bc"
-621,"1-cd"
-621,"1-de"
-622,"20 west Pohang"
-622,"20-bc"
-622,"20-35"
-622,"Yeongchon north"
-623,"20 west Pohang"
-623,"20-bc"
-623,"20-35"
-624,"Yeongchon north"
-624,"Yeongchon south"
-624,"1-bc"
-624,"1-cd"
-624,"1-de"
-625,"Yeongchon north"
-625,"Yeongchon south"
-625,"1-bc"
-625,"1-cd"
-625,"1-de"
-625,"1-ef"
-625,"Yangsan-55"
-625,"55-uv"
-625,"55-tu"
-625,"55-st"
-625,"55-rs"
-626,"Yeongchon north"
-626,"Yeongchon south"
-626,"1-bc"
-626,"1-cd"
-626,"1-de"
-626,"1-ef"
-626,"Yangsan-55"
-626,"55-uv"
-626,"55-tu"
-626,"55-st"
-626,"55-rs"
-627,"Yeongchon north"
-627,"Yeongchon south"
-627,"1-bc"
-627,"1-cd"
-627,"1-de"
-628,"20 west Pohang"
-628,"20-bc"
-628,"20-35"
-629,"20 west Pohang"
-629,"20-bc"
-629,"20-35"
-629,"Yeongchon north"
-630,"20 west Pohang"
-630,"20-bc"
-630,"20-35"
-630,"Yeongchon north"
-631,"20 west Pohang"
-631,"20-bc"
-631,"20-35"
-632,"35 east of Andong"
-632,"35ab"
-632,"35bc"
-632,"35cd"
-633,"35 east of Andong"
-633,"35ab"
-633,"35bc"
-633,"35cd"
-635,"35 east of Andong"
-635,"35ab"
-635,"35bc"
-635,"35cd"
-636,"35 east of Andong"
-636,"35ab"
-636,"35bc"
-636,"35cd"
-638,"20-daegu"
-638,"55 east of Daegu"
-638,"55-no"
-638,"55-op"
-638,"55-pq"
-638,"55-qr"
-638,"55-rs"
-639,"20-daegu"
-639,"55 east of Daegu"
-639,"55-no"
-639,"55-op"
-639,"55-pq"
-639,"55-qr"
-639,"55-rs"
-641,"Yeongchon north"
-641,"Yeongchon south"
-641,"1-bc"
-641,"1-cd"
-641,"1-de"
-642,"20 west Pohang"
-642,"20-bc"
-642,"20-35"
-642,"Yeongchon north"
-643,"20 west Pohang"
-643,"20-bc"
-643,"20-35"
-644,"Yeongchon north"
-644,"Yeongchon south"
-644,"1-bc"
-644,"1-cd"
-644,"1-de"
-645,"Yeongchon north"
-645,"Yeongchon south"
-645,"1-bc"
-645,"1-cd"
-645,"1-de"
-645,"1-ef"
-645,"Yangsan-55"
-645,"55-uv"
-645,"55-tu"
-645,"55-st"
-646,"Yeongchon north"
-646,"Yeongchon south"
-646,"1-bc"
-646,"1-cd"
-646,"1-de"
-646,"1-ef"
-646,"Yangsan-55"
-646,"55-uv"
-646,"55-tu"
-646,"55-st"
-647,"Yeongchon north"
-647,"Yeongchon south"
-647,"1-bc"
-647,"1-cd"
-647,"1-de"
-648,"20 west Pohang"
-648,"20-bc"
-648,"20-35"
-649,"20 west Pohang"
-649,"20-bc"
-649,"20-35"
-649,"Yeongchon north"
-650,"Yeongchon north"
-650,"Yeongchon south"
-650,"1-bc"
-650,"1-cd"
-650,"1-de"
-650,"1-ef"
-650,"Yangsan-55"
-650,"55-uv"
-650,"55-tu"
-650,"55-st"
-651,"Andong-55"
-651,"55-bc"
-651,"55-cd"
-651,"55-de"
-651,"55-ef"
-651,"55fg"
-651,"55-gh"
-651,"55-hj"
-651,"55-jk"
-651,"55-kl"
-651,"55-lm"
-651,"55 west of Daegu"
-651,"55 east of Daegu"
-651,"55-1"
-651,"1-ab"
-651,"1-bc"
-651,"1-cd"
-651,"1-de"
-651,"1-ef"
-651,"Yangsan-55"
-651,"55-uv"
-651,"55-tu"
-651,"55-st"
-652,"20 west Pohang"
-652,"20-bc"
-652,"20-35"
-652,"Yeongchon north"
-653,"20 west Pohang"
-653,"20-bc"
-653,"20-35"
-654,"35 east of Andong"
-654,"35ab"
-654,"35bc"
-654,"35cd"
-655,"35 east of Andong"
-655,"35ab"
-655,"35bc"
-655,"35cd"
-658,"20-daegu"
-658,"55 east of Daegu"
-658,"55-no"
-658,"55-op"
-658,"55-pq"
-658,"55-qr"
-658,"55-rs"
-658,"55-st"
-659,"20-daegu"
-659,"55 east of Daegu"
-659,"55-no"
-659,"55-op"
-659,"55-pq"
-659,"55-qr"
-659,"55-rs"
-659,"55-st"
-660,"20-daegu"
-660,"55 east of Daegu"
-660,"55-no"
-660,"55-op"
-660,"55-pq"
-660,"55-qr"
-660,"55-rs"
-660,"55-st"
-662,"Yeongchon north"
-662,"Yeongchon south"
-662,"1-bc"
-662,"1-cd"
-662,"1-de"
-663,"20 west Pohang"
-663,"20-bc"
-663,"20-35"
-663,"Yeongchon north"
-664,"20 west Pohang"
-664,"20-bc"
-664,"20-35"
-665,"Yeongchon north"
-665,"Yeongchon south"
-665,"1-bc"
-665,"1-cd"
-665,"1-de"
-666,"Yeongchon north"
-666,"Yeongchon south"
-666,"1-bc"
-666,"1-cd"
-666,"1-de"
-666,"1-ef"
-666,"Yangsan-55"
-666,"55-uv"
-666,"55-tu"
-667,"Yeongchon north"
-667,"Yeongchon south"
-667,"1-bc"
-667,"1-cd"
-667,"1-de"
-667,"1-ef"
-667,"Yangsan-55"
-667,"55-uv"
-667,"55-tu"
-668,"Yeongchon north"
-668,"Yeongchon south"
-668,"1-bc"
-668,"1-cd"
-668,"1-de"
-669,"20 west Pohang"
-669,"20-bc"
-669,"20-35"
-670,"20 west Pohang"
-670,"20-bc"
-670,"20-35"
-670,"Yeongchon north"
-671,"Yeongchon north"
-671,"Yeongchon south"
-671,"1-bc"
-671,"1-cd"
-671,"1-de"
-671,"1-ef"
-671,"Yangsan-55"
-671,"55-uv"
-671,"55-tu"
-672,"Andong-55"
-672,"55-bc"
-672,"55-cd"
-672,"55-de"
-672,"55-ef"
-672,"55fg"
-672,"55-gh"
-672,"55-hj"
-672,"55-jk"
-672,"55-kl"
-672,"55-lm"
-672,"55 west of Daegu"
-672,"55 east of Daegu"
-672,"55-1"
-672,"1-ab"
-672,"1-bc"
-672,"1-cd"
-672,"1-de"
-672,"1-ef"
-672,"Yangsan-55"
-672,"55-uv"
-672,"55-tu"
-673,"20 west Pohang"
-673,"20-bc"
-673,"20-35"
-673,"Yeongchon north"
-674,"20 west Pohang"
-674,"20-bc"
-674,"20-35"
-675,"35 east of Andong"
-675,"35ab"
-675,"35bc"
-675,"35cd"
-676,"35 east of Andong"
-676,"35ab"
-676,"35bc"
-676,"35cd"
-677,"35 east of Andong"
-677,"35ab"
-677,"35bc"
-677,"35cd"
-678,"35 east of Andong"
-678,"35ab"
-678,"35bc"
-678,"35cd"
-680,"20-daegu"
-680,"55 east of Daegu"
-680,"55-no"
-680,"55-op"
-680,"55-pq"
-680,"55-qr"
-680,"55-rs"
-680,"55-st"
-680,"55-tu"
-681,"20-daegu"
-681,"55 east of Daegu"
-681,"55-no"
-681,"55-op"
-681,"55-pq"
-681,"55-qr"
-681,"55-rs"
-681,"55-st"
-681,"55-tu"
-682,"20-daegu"
-682,"55 east of Daegu"
-682,"55-no"
-682,"55-op"
-682,"55-pq"
-682,"55-qr"
-682,"55-rs"
-682,"55-st"
-682,"55-tu"
-684,"Yeongchon north"
-684,"Yeongchon south"
-684,"1-bc"
-684,"1-cd"
-684,"1-de"
-684,"1-ef"
-685,"20 west Pohang"
-685,"20-bc"
-685,"20-35"
-685,"Yeongchon north"
-686,"Yeongchon north"
-686,"Yeongchon south"
-686,"1-bc"
-686,"1-cd"
-686,"1-de"
-686,"1-ef"
-687,"Yeongchon north"
-687,"Yeongchon south"
-687,"1-bc"
-687,"1-cd"
-687,"1-de"
-687,"1-ef"
-687,"Yangsan-55"
-687,"55-uv"
-688,"Yeongchon north"
-688,"Yeongchon south"
-688,"1-bc"
-688,"1-cd"
-688,"1-de"
-688,"1-ef"
-688,"Yangsan-55"
-688,"55-uv"
-689,"Yeongchon north"
-689,"Yeongchon south"
-689,"1-bc"
-689,"1-cd"
-689,"1-de"
-689,"1-ef"
-690,"Andong-55"
-690,"55-bc"
-690,"55-cd"
-690,"55-de"
-690,"55-ef"
-690,"55fg"
-690,"55-gh"
-690,"55-hj"
-690,"55-jk"
-690,"55-kl"
-690,"55-lm"
-690,"55 west of Daegu"
-690,"55 east of Daegu"
-690,"55-1"
-690,"1-ab"
-690,"1-bc"
-690,"1-cd"
-690,"1-de"
-690,"1-ef"
-690,"Yangsan-55"
-690,"55-uv"
-691,"Andong-55"
-691,"55-bc"
-691,"55-cd"
-691,"55-de"
-691,"55-ef"
-691,"55fg"
-691,"55-gh"
-691,"55-hj"
-691,"55-jk"
-691,"55-kl"
-691,"55-lm"
-691,"55 west of Daegu"
-691,"55 east of Daegu"
-691,"55-1"
-691,"1-ab"
-691,"1-bc"
-691,"1-cd"
-691,"1-de"
-691,"1-ef"
-691,"Yangsan-55"
-691,"55-uv"
-692,"35 east of Andong"
-692,"35ab"
-692,"35bc"
-692,"35cd"
-693,"35 east of Andong"
-693,"35ab"
-693,"35bc"
-693,"35cd"
-694,"35 east of Andong"
-694,"35ab"
-694,"35bc"
-694,"35cd"
-696,"55-qr"
-696,"55-rs"
-696,"55-st"
-696,"55-tu"
-696,"55-uv"
-697,"Yeongchon north"
-697,"Yeongchon south"
-697,"1-bc"
-697,"1-cd"
-697,"1-de"
-697,"1-ef"
-697,"Yangsan-55"
-698,"Yeongchon north"
-698,"Yeongchon south"
-698,"1-bc"
-698,"1-cd"
-698,"1-de"
-698,"1-ef"
-698,"Yangsan-55"
-699,"55-qr"
-699,"55-rs"
-699,"55-st"
-699,"55-tu"
-699,"55-uv"
-699,"Yangsan-55"
-700,"55-qr"
-700,"55-rs"
-700,"55-st"
-700,"55-tu"
-700,"55-uv"
-700,"Yangsan-55"
-701,"Yeongchon north"
-701,"Yeongchon south"
-701,"1-bc"
-701,"1-cd"
-701,"1-de"
-701,"1-ef"
-702,"Yeongchon north"
-702,"Yeongchon south"
-702,"1-bc"
-702,"1-cd"
-702,"1-de"
-702,"1-ef"
-702,"Yangsan-55"
-703,"Yeongchon north"
-703,"Yeongchon south"
-703,"1-bc"
-703,"1-cd"
-703,"1-de"
-703,"1-ef"
-703,"Yangsan-55"
-704,"Yeongchon north"
-704,"Yeongchon south"
-704,"1-bc"
-704,"1-cd"
-704,"1-de"
-704,"1-ef"
-707,"Andong-55"
-707,"55-bc"
-707,"55-cd"
-707,"55-de"
-707,"55-ef"
-707,"55fg"
-707,"55-gh"
-707,"55-hj"
-707,"55-jk"
-707,"55-kl"
-707,"55-lm"
-707,"55 west of Daegu"
-707,"55 east of Daegu"
-707,"55-no"
-707,"55-op"
-707,"55-pq"
-707,"55-qr"
-707,"55-rs"
-707,"55-st"
-707,"55-tu"
-707,"55-uv"
-708,"Andong-55"
-708,"55-bc"
-708,"55-cd"
-708,"55-de"
-708,"55-ef"
-708,"55fg"
-708,"55-gh"
-708,"55-hj"
-708,"55-jk"
-708,"55-kl"
-708,"55-lm"
-708,"55 west of Daegu"
-708,"55 east of Daegu"
-708,"55-no"
-708,"55-op"
-708,"55-pq"
-708,"55-qr"
-708,"55-rs"
-708,"55-st"
-708,"55-tu"
-708,"55-uv"
-709,"20-daegu"
-709,"55 east of Daegu"
-709,"55-no"
-709,"55-op"
-709,"55-pq"
-711,"35 east of Andong"
-711,"35ab"
-711,"35bc"
-711,"35cd"
-712,"35 east of Andong"
-712,"35ab"
-712,"35bc"
-712,"35cd"
-713,"35 east of Andong"
-713,"35ab"
-713,"35bc"
-713,"35cd"
-715,"55-qr"
-715,"55-rs"
-715,"55-st"
-715,"55-tu"
-715,"55-uv"
-715,"55 near Gimhae"
-716,"55-qr"
-716,"55-rs"
-716,"55-st"
-716,"55-tu"
-716,"55-uv"
-716,"55 near Gimhae"
-717,"Yeongchon north"
-717,"Yeongchon south"
-717,"1-bc"
-717,"1-cd"
-717,"1-de"
-717,"1-ef"
-717,"Yangsan-55"
-717,"55 near Gimhae"
-718,"Yeongchon north"
-718,"Yeongchon south"
-718,"1-bc"
-718,"1-cd"
-718,"1-de"
-718,"1-ef"
-718,"Yangsan-55"
-718,"55 near Gimhae"
-719,"55-qr"
-719,"55-rs"
-719,"55-st"
-719,"55-tu"
-719,"55-uv"
-719,"Yangsan-55"
-720,"55-qr"
-720,"55-rs"
-720,"55-st"
-720,"55-tu"
-720,"55-uv"
-720,"Yangsan-55"
-721,"55-qr"
-721,"55-rs"
-721,"55-st"
-721,"55-tu"
-721,"55-uv"
-721,"55 near Gimhae"
-722,"55-qr"
-722,"55-rs"
-722,"55-st"
-722,"55-tu"
-722,"55-uv"
-722,"55 near Gimhae"
-723,"55-qr"
-723,"55-rs"
-723,"55-st"
-723,"55-tu"
-723,"55-uv"
-723,"Yangsan-55"
-724,"55-qr"
-724,"55-rs"
-724,"55-st"
-724,"55-tu"
-724,"55-uv"
-724,"55 near Gimhae"
-725,"Andong-55"
-725,"55-bc"
-725,"55-cd"
-725,"55-de"
-725,"55-ef"
-725,"55fg"
-725,"55-gh"
-725,"55-hj"
-725,"55-jk"
-725,"55-kl"
-725,"55-lm"
-725,"55 west of Daegu"
-725,"55 east of Daegu"
-725,"55-no"
-725,"55-op"
-725,"55-pq"
-725,"55-qr"
-725,"55-rs"
-725,"55-st"
-725,"55-tu"
-725,"55-uv"
-725,"55 near Gimhae"
-726,"Andong-55"
-726,"55-bc"
-726,"55-cd"
-726,"55-de"
-726,"55-ef"
-726,"55fg"
-726,"55-gh"
-726,"55-hj"
-726,"55-jk"
-726,"55-kl"
-726,"55-lm"
-726,"55 west of Daegu"
-726,"55 east of Daegu"
-726,"55-no"
-726,"55-op"
-726,"55-pq"
-726,"55-qr"
-726,"55-rs"
-726,"55-st"
-726,"55-tu"
-726,"55-uv"
-726,"55 near Gimhae"
-727,"55-qr"
-727,"55-rs"
-727,"55-st"
-727,"55-tu"
-727,"55-uv"
-727,"Yangsan-55"
-728,"Yeongchon north"
-728,"Yeongchon south"
-728,"1-bc"
-728,"1-cd"
-728,"1-de"
-728,"1-ef"
-729,"55-qr"
-729,"55-rs"
-729,"55-st"
-729,"55-tu"
-729,"55-uv"
-729,"Yangsan-55"
-730,"Yeongchon north"
-730,"Yeongchon south"
-730,"1-bc"
-730,"1-cd"
-730,"1-de"
-730,"1-ef"
-731,"Yeongchon north"
-731,"Yeongchon south"
-731,"1-bc"
-731,"1-cd"
-731,"1-de"
-731,"1-ef"
-732,"20-daegu"
-732,"55 east of Daegu"
-732,"55-no"
-732,"55-op"
-732,"55-pq"
-734,"35 east of Andong"
-734,"35ab"
-734,"35bc"
-734,"35cd"
-735,"35 east of Andong"
-735,"35ab"
-735,"35bc"
-735,"35cd"
-736,"35 east of Andong"
-736,"35ab"
-736,"35bc"
-736,"35cd"
-738,"55-qr"
-738,"55-rs"
-738,"55-st"
-738,"55-tu"
-738,"55-uv"
-738,"55 near Gimhae"
-739,"55-qr"
-739,"55-rs"
-739,"55-st"
-739,"55-tu"
-739,"55-uv"
-739,"55 near Gimhae"
-740,"Yeongchon north"
-740,"Yeongchon south"
-740,"1-bc"
-740,"1-cd"
-740,"1-de"
-740,"1-ef"
-740,"Yangsan-55"
-740,"55 near Gimhae"
-741,"Yeongchon north"
-741,"Yeongchon south"
-741,"1-bc"
-741,"1-cd"
-741,"1-de"
-741,"1-ef"
-741,"Yangsan-55"
-741,"55 near Gimhae"
-742,"55-qr"
-742,"55-rs"
-742,"55-st"
-742,"55-tu"
-742,"55-uv"
-742,"55 near Gimhae"
-742,"10-a"
-743,"55-qr"
-743,"55-rs"
-743,"55-st"
-743,"55-tu"
-743,"55-uv"
-743,"55 near Gimhae"
-743,"10-a"
-744,"55-qr"
-744,"55-rs"
-744,"55-st"
-744,"55-tu"
-744,"55-uv"
-744,"55 near Gimhae"
-745,"55-qr"
-745,"55-rs"
-745,"55-st"
-745,"55-tu"
-745,"55-uv"
-745,"55 near Gimhae"
-749,"Andong-55"
-749,"55-bc"
-749,"55-cd"
-749,"55-de"
-749,"55-ef"
-749,"55fg"
-749,"55-gh"
-749,"55-hj"
-749,"55-jk"
-749,"55-kl"
-749,"55-lm"
-749,"55 west of Daegu"
-749,"55 east of Daegu"
-749,"55-no"
-749,"55-op"
-749,"55-pq"
-749,"55-qr"
-749,"55-rs"
-749,"55-st"
-749,"55-tu"
-749,"55-uv"
-749,"55 near Gimhae"
-750,"Andong-55"
-750,"55-bc"
-750,"55-cd"
-750,"55-de"
-750,"55-ef"
-750,"55fg"
-750,"55-gh"
-750,"55-hj"
-750,"55-jk"
-750,"55-kl"
-750,"55-lm"
-750,"55 west of Daegu"
-750,"55 east of Daegu"
-750,"55-no"
-750,"55-op"
-750,"55-pq"
-750,"55-qr"
-750,"55-rs"
-750,"55-st"
-750,"55-tu"
-750,"55-uv"
-750,"55 near Gimhae"
-751,"20-daegu"
-751,"55 east of Daegu"
-751,"55-no"
-751,"55-op"
-751,"55-pq"
-753,"Yeongchon north"
-753,"Yeongchon south"
-753,"1-bc"
-753,"1-cd"
-753,"1-de"
-753,"1-ef"
-753,"Yangsan-55"
-753,"55-uv"
-753,"55-tu"
-753,"55-st"
-753,"55-rs"
-753,"55-qr"
-754,"Yeongchon north"
-754,"Yeongchon south"
-754,"1-bc"
-754,"1-cd"
-754,"1-de"
-754,"1-ef"
-754,"Yangsan-55"
-754,"55-uv"
-754,"55-tu"
-754,"55-st"
-754,"55-rs"
-754,"55-qr"
-755,"35 east of Andong"
-755,"35ab"
-755,"35bc"
-755,"35cd"
-756,"35 east of Andong"
-756,"35ab"
-756,"35bc"
-756,"35cd"
-757,"35 east of Andong"
-757,"35ab"
-757,"35bc"
-757,"35cd"
-758,"35 east of Andong"
-758,"35ab"
-758,"35bc"
-758,"35cd"
